Permit,Worktype,IssuedTo,Date,Address,Parcel,Units,Legal,ValuationUSD
C19-1175,BldgAlter,ARCTIC SOLAR VENTURES CORPORATION,2019,3800 ALUMNI,421101000,NA,T13N R3W SEC 28 NE4NE4 G:1635,18000
C19-1234,BldgAlter,ANCHORAGE SOLAR,2019,W 1230 11TH,108360000,NA,SOUTH ADDITION BLK 25A LT  13A  G:1329,15915
C19-1489,BldgAlter,ANCHORAGE SOLAR,2019,W 1008 30TH,1001625000,NA,NELS SAND TR  4 E50' & TR 5 W10'  G:1629,11151
C19-1587,BldgAlter,ANCHORAGE SOLAR,2019,2303 MC RAE,1012317000,NA,LINTNER LT 37  G:1728,21949
C19-1662,BldgAlter,ARCTIC SOLAR VENTURES CORPORATION,2019,14861 MOUNTAIN AIR,1721134000,NA,MOUNTAIN AIR ESTATES #2 TR  B1-A  G:3139,20000
C19-1664,BldgAlter,ARCTIC SOLAR VENTURES CORPORATION,2019,E 307 24TH,220330000,NA,PEARL V SMITH BLK  2 LT   7A  G:1531,17000
R19-1151,BldgAlter,ARCTIC SOLAR VENTURES CORPORATION,2019,5840 DE ARMOUN,1706103000,NA,MOUNTAIN PARK ESTATES BLK  2 LT   3  G:2938,16000
R19-1152,BldgAlter,ARCTIC SOLAR VENTURES CORPORATION,2019,220 PACIFIC VIEW,1805119000,NA,OCEAN VIEW WEST #1 BLK  2 LT   3  G:2830,20000
R19-1181,BldgAlter,ANCHORAGE SOLAR,2019,1334 N,109605000,NA,VIEW RIDGE (OF SOUTH ADDN) BLK 34B LT,14396
R19-1182,BldgAlter,ANCHORAGE SOLAR,2019,10640 LONE TREE,1532254000,NA,VALLI VUE ESTATES #2 BLK  2 LT   4  G:2538,12744
R19-1183,BldgAlter,ANCHORAGE SOLAR,2019,9400 SUGAR,1509327000,NA,CONIFER HEIGHTS BLK   2 LT 10  G:2440,13836
R19-1185,BldgAlter,ANCHORAGE SOLAR,2019,3737 COVENTRY,1423335000,NA,WINCHESTER HEIGHTS BLK  4 LT  11  G:2235,12903
R19-1191,BldgAlter,ANCHORAGE SOLAR,2019,2022 BRANDILYN,1617277000,NA,BROOKWOOD HILLS BLK  2 LT   4  G:2733,13629
R19-1221,BldgAlter,ANCHORAGE SOLAR,2019,3906 BARBARA,1019412000,NA,KIRCHNER LT  15  G:1727,14396
R19-1222,BldgAlter,ANCHORAGE SOLAR,2019,1527 K,109223000,NA,MARTIN AND WELCH (SOUTH ADD) BLK 43B LT  17  G:1429,14396
R19-1294,BldgAlter,ANCHORAGE SOLAR,2019,4387 BLYTHE,5075107000,NA,TERI TR   A2  G:0704,10196
R19-1317,BldgAlter,ARCTIC SOLAR VENTURES CORPORATION,2019,2213 FORAKER,119104000,NA,PARK BLK   P LT 18  G:1526,15000
R19-1318,BldgAlter,ARCTIC SOLAR VENTURES CORPORATION,2019,2910 JONES,1005106000,NA,GLEN PARK ESTATES BLK  4 LT   4  G:1625,11000
R19-1329,BldgAlter,RENEWABLE ENERGY SYSTEMS,2019,4321 RENDEZVOUS,723452000,NA,CHUGACH FOOTHILLS #2 BLK  6 LT  25  G:1741,9682
R19-1330,BldgAlter,RENEWABLE ENERGY SYSTEMS,2019,15040 OLD SEWARD,1829109000,NA,CHENOWETH LT  3  G:3134,13990
R19-1332,BldgAlter,ANCHORAGE SOLAR,2019,1335 I,109139000,NA,SOUTH ADDITION BLK 37A LT   8  G:1429,15765
R19-1334,BldgAlter,ANCHORAGE SOLAR,2019,1035 P,108404000,NA,SOUTH ADDITION BLK 15A LT   8  G:1329,16727
R19-1354,BldgAlter,ARCTIC SOLAR VENTURES CORPORATION,2019,2901 ILLIAMNA,118508000,NA,TURNAGAIN HEIGHTS TR   C LT 38  G:1527,15000
R19-1355,BldgAlter,ARCTIC SOLAR VENTURES CORPORATION,2019,2920 WILEY POST,1013135000,NA,BROADMOOR ESTATES #3 BLK  7 LT  37  G:1727,10000
R19-1356,BldgAlter,ARCTIC SOLAR VENTURES CORPORATION,2019,4210 WORONZOF,1005370000,NA,TURNAGAIN WEST BLK  2 LT  15  G:1625,14000
R19-1368,BldgAlter,ANCHORAGE SOLAR,2019,2808 DILIGENCE,1912255000,NA,DISCOVERY LT 17A  G:2727,46665
R19-1397,BldgAlter,ANCHORAGE SOLAR,2019,E 359 24TH,220326000,NA,PEARL V SMITH BLK  2 LT   3A  G:1531,21240
R19-1398,BldgAlter,ANCHORAGE SOLAR,2019,E 225 11TH,213644000,NA,THIRD ADDITION BLK 13 LT  11  G:1331,15666
R19-1399,BldgAlter,ANCHORAGE SOLAR,2019,7240 STAMPS,1506252000,NA,SILVER CREST BLK  2 LT  21  G:2439,20800
R19-1400,BldgAlter,ANCHORAGE SOLAR,2019,1737 SCENIC,110250000,NA,SCHODDE (SOUTH ADD) BLK 32 LT  10  G:1428,16164
R19-1419,BldgAlter,RENEWABLE ENERGY SYSTEMS,2019,10005 GOODNEWS,1247130000,NA,BAYSHORE WEST #1 BLK  1 LT   9  G:2526,26598
R19-1420,BldgAlter,ANCHORAGE SOLAR,2019,W 1307 13TH,108497000,NA,SOUTH ADDITION BLK 26C LTS 11 & 12 G:1329,16444
R19-1442,BldgAlter,ARCTIC SOLAR VENTURES CORPORATION,2019,3000 MC COLLIE,118514000,NA,TURNAGAIN HEIGHTS TR  C LT   6  G:1527,15000
R19-1443,BldgAlter,ARCTIC SOLAR VENTURES CORPORATION,2019,2908 LEIGHTON,1004464000,NA,WAGNER ESTATES #3 BLK  9 LT  12  G:1626,10000
R19-1444,BldgAlter,ARCTIC SOLAR VENTURES CORPORATION,2019,2917 JONES,1005127000,NA,GLEN PARK ESTATES BLK  1 LT   7  G:1625,18000
R19-1446,BldgAlter,ARCTIC SOLAR VENTURES CORPORATION,2019,2858 KNIK,123423000,NA,TURNAGAIN HOMES BLK  I LT   5  G:1527,10000
R19-1447,BldgAlter,ARCTIC SOLAR VENTURES CORPORATION,2019,3023 KNIK,123631000,NA,TURNAGAIN HOMES BLK  H LT  19  G:1527,18000
R19-1456,BldgAlter,ARCTIC SOLAR VENTURES CORPORATION,2019,2200 MC KENZIE,119432000,NA,SIMONSON ESTATES BLK  A LT   1B  G:1526,12000
R19-1458,BldgAlter,ARCTIC SOLAR VENTURES CORPORATION,2019,2850 PRIBILOF,1005341000,NA,TURNAGAIN WEST BLK  1 LT  37  G:1625,8000
R19-1462,BldgAlter,ARCTIC SOLAR VENTURES CORPORATION,2019,2340 CAPTAIN COOK,118408000,NA,TURNAGAIN HOMES BLK  F LT  16  G:1527,18000
R19-1465,BldgAlter,ANCHORAGE SOLAR,2019,W 1401 13TH,108474000,NA,SOUTH ADDITION BLK 26D LT  11A  G:1329,15321
R19-1466,BldgAlter,ANCHORAGE SOLAR,2019,941 DAVID,107230000,NA,L STREET SLIDE REPLAT PHASE 2 BLK 13 LT   4A  G:1328,8762
R19-1467,BldgAlter,ARCTIC SOLAR VENTURES CORPORATION,2019,4220 GALACTICA,1006144000,NA,SATELLITE PARK BLK  3 LT   3  G:1625,12000
R19-1470,BldgAlter,ARCTIC SOLAR VENTURES CORPORATION,2019,2316 SUSITNA,119220000,NA,PARK BLK   R LT  11  G:1526,10000
R19-1471,BldgAlter,ARCTIC SOLAR VENTURES CORPORATION,2019,2521 SAINT ELIAS,123616000,NA,TURNAGAIN HOMES BLK  G LT  12  G:1527,10000
R19-1472,BldgAlter,ARCTIC SOLAR VENTURES CORPORATION,2019,2336 FOREST PARK,118108000,NA,FOREST HIGHLANDS LT   3  G:1527,14000
R19-1473,BldgAlter,ARCTIC SOLAR VENTURES CORPORATION,2019,2247 ARCTIC,118206000,NA,TURNAGAIN HEIGHTS BLK   B LT 12  G:1527,19000
R19-1513,BldgAlter,ARCTIC SOLAR VENTURES CORPORATION,2019,2401 FORAKER,122244000,NA,TURNAGAIN HOMES BLK  P LT  22  G:1526,18000
R19-1514,BldgAlter,ARCTIC SOLAR VENTURES CORPORATION,2019,4200 WORONZOF,1005369000,NA,TURNAGAIN WEST BLK  2 LT  16  G:1625,19000
R19-1515,BldgAlter,ARCTIC SOLAR VENTURES CORPORATION,2019,W 2219 MARSTON,119425000,NA,SIMONSON ESTATES BLK  B LT  10  G:1526,15000
R19-1516,BldgAlter,ARCTIC SOLAR VENTURES CORPORATION,2019,3003 CARROLL,1019120000,NA,BROADMOOR ESTATES BLK  3 LT   2  G:1727,15000
R19-1518,BldgAlter,ARCTIC SOLAR VENTURES CORPORATION,2019,W 3936 37TH,1014414000,NA,BROADMOOR ESTATES WEST #1 BLK  3 LT   5  G:1726,18000
R19-1519,BldgAlter,ARCTIC SOLAR VENTURES CORPORATION,2019,2527 SUSITNA,122315000,NA,TURNAGAIN HOMES BLK  Q LT  25  G:1526,9000
R19-1520,BldgAlter,ARCTIC SOLAR VENTURES CORPORATION,2019,3232 KNIK,122133000,NA,TURNAGAIN HOMES BLK  O LT   7  G:1526,19000
R19-1521,BldgAlter,ARCTIC SOLAR VENTURES CORPORATION,2019,W 3100 29TH,1003124000,NA,MCRAE (SUBD OF LT 11) LT   3 (OF LT  11)  G:1627,9000
R19-1522,BldgAlter,ARCTIC SOLAR VENTURES CORPORATION,2019,3417 AERO,1007208000,NA,HAWTHORNE BLK  2 LT   8  G:1626,10000
R19-1523,BldgAlter,ARCTIC SOLAR VENTURES CORPORATION,2019,6400 NORM,1406265000,NA,CARRIAGE ESTATES PHASE 1 BLK  2 LT  36  G:2034,26000
R19-1524,BldgAlter,ARCTIC SOLAR VENTURES CORPORATION,2019,3329 STARLITE,1006165000,NA,SATELLITE PARK BLK   2 LT 22  G:1625,10000
R19-1525,BldgAlter,ARCTIC SOLAR VENTURES CORPORATION,2019,140 BREE,1804109000,NA,OCEANVIEW ESTATES BLK  1 LT   5  G:2830,15000
R19-1526,BldgAlter,ARCTIC SOLAR VENTURES CORPORATION,2019,4150 HORIZON,1005220000,NA,WORONZOF WEST #2 BLK  2 LT  15A  G:1625,9000
R19-1527,BldgAlter,ANCHORAGE SOLAR,2019,1327 P,109635000,NA,VIEW RIDGE (OF SOUTH ADDN) BLK 34A LT  23  G:1429,12800
R19-1546,BldgAlter,RENEWABLE ENERGY SYSTEMS,2019,13265 BADGER,1734310000,NA,SECLUDED HILLS BLK  2 LT   2  G:2937,14990
R19-1547,BldgAlter,RENEWABLE ENERGY SYSTEMS,2019,13720 JARVI,1815197000,NA,SUNSET MANOR #2 BLK   6 LT   6A  G:2932,34505
R19-1556,BldgAlter,ANCHORAGE SOLAR,2019,W 816 16TH,115425000,NA,CHESTER BLK  4 LT   3  G:1429,20886
R19-1587,BldgAlter,ANCHORAGE SOLAR,2019,1334 G,215605000,NA,SOUTH ADDITION BLK 37B LT   5  G:1430,11320
R19-1588,BldgAlter,ANCHORAGE SOLAR,2019,1522 COFFEY,109464000,NA,COFFEY BLK 44C LT  3A  G:1429,18054
R19-1661,BldgAlter,ANCHORAGE SOLAR,2019,W 1451 13TH,108479000,NA,SOUTH ADDITION BLK 26D LT   7A  G:1329,12597
R19-1662,BldgAlter,ANCHORAGE SOLAR,2019,W 1312 15TH,109521000,NA,SOUTH ADDITION BLK 45 LT   2  G:1429,17315
R19-1663,BldgAlter,ANCHORAGE SOLAR,2019,2627 LOVEJOY,416220000,NA,ANCHOR PARK BLK  1 LT  22  G:1534,7357
R19-1687,BldgAlter,RENEWABLE ENERGY SYSTEMS,2019,10650 LONE TREE,1532255000,NA,VALLI VUE ESTATES #2 BLK  2 LT   3  G:2538,12493
R19-1709,BldgAlter,ANCHORAGE SOLAR,2019,6747 DOUBLE TREE,1531109000,NA,VALLI VUE ESTATES #1 BLK  1 LT   8  G:2539,33070
R19-1710,BldgAlter,ANCHORAGE SOLAR,2019,5323 KEUKA,512208000,NA,COLLEGEGATE #6 BLK 11 LT  29  G:1637,11900
R19-1814,BldgAlter,ANCHORAGE SOLAR,2019,1134 H,108113000,NA,SOUTH ADDITION BLK 23A LT   4A  G:1329,16727
R19-1815,BldgAlter,ANCHORAGE SOLAR,2019,1130 S,107308000,NA,SOUTH ADDITION BLK 28 LT  10 N 75' OF S1/2  G:1328,14693
R19-1816,BldgAlter,ANCHORAGE SOLAR,2019,1651 SUNRISE,414117000,NA,SAXTON BLK  8 LT   4  G:1434,17936
R19-1817,BldgAlter,ANCHORAGE SOLAR,2019,2303 MC RAE,1012317000,NA,LINTNER LT 37  G:1728,21949
R19-1818,BldgAlter,ANCHORAGE SOLAR,2019,W 1515 15TH,110239000,NA,SOUTH ADDITION BLK 33D LT   9  G:1428,15665
R19-1819,BldgAlter,ANCHORAGE SOLAR,2019,1555 E,215352000,NA,SOUTH ADDITION BLK 40A LT  18A  G:1430,15075
R19-1845,BldgAlter,RENEWABLE ENERGY SYSTEMS,2019,1301 HEIDI,1211307000,NA,NOMEN BLK  1 LT   7  G:2129,20637
R19-1883,BldgAlter,ANCHORAGE SOLAR,2019,940 P,107242000,NA,L STREET SLIDE REPLAT BLK 13A LT   7D  G:1328,16396
R19-1884,BldgAlter,ANCHORAGE SOLAR,2019,W 1434 11TH,108434000,NA,SOUTH ADDITION BLK 26A LT   4  G:1329,15665
R19-1885,BldgAlter,ANCHORAGE SOLAR,2019,1133 N,108351000,NA,SOUTH ADDITION BLK 25A LT  16  G:1329,16314
R19-1945,BldgAlter,ANCHORAGE SOLAR,2019,3600 WYOMING,1012510000,NA,CONROY RUSHTON BLK   2 LT   1  G:1728,10798
R19-1946,BldgAlter,ANCHORAGE SOLAR,2019,1141 M,108347000,NA,SOUTH ADDITION BLK 25A LT   4  G:1329,10797
R19-1949,BldgAlter,ANCHORAGE SOLAR,2019,10340 KASILOF,1513327000,NA,KASILOF HILLS BLK  5 LT   1A  G:2541,22320
R19-1950,BldgAlter,ANCHORAGE SOLAR,2019,4130 DEFIANCE,714514000,NA,EASTLAKE ADDITION #1 BLK   2 LT   5  G:1738,8400
R19-1951,BldgAlter,ANCHORAGE SOLAR,2019,W 1729 11TH,107240000,NA,L STREET SLIDE REPLAT PHASE 2 BLK 14 LT,24369
R19-1952,BldgAlter,ANCHORAGE SOLAR,2019,8615 CORMORANT COVE,1501602000,NA,SAHALEE PHASE 3 BLK  2 LT  34  G:2336,13860
R19-1973,BldgAlter,ANCHORAGE SOLAR,2019,1113 N,108368000,NA,SOUTH ADDITION BLK 25A LTS 14 W10' AND 15  G:1329,15930
R19-1976,BldgAlter,ARCTIC SOLAR VENTURES CORPORATION,2019,2613 ARLINGTON,124304000,NA,HUNTINGTON PARK #1 BLK  3 LT   2  G:1528,7000
R19-1977,BldgAlter,ARCTIC SOLAR VENTURES CORPORATION,2019,2131 MC KENZIE,119206000,NA,PARK BLK   R LT  25  G:1526,16000
R19-1978,BldgAlter,ARCTIC SOLAR VENTURES CORPORATION,2019,2315 DOUGLAS,119120000,NA,PARK BLK  M LT  24  G:1526,16000
R19-1979,BldgAlter,ARCTIC SOLAR VENTURES CORPORATION,2019,3816 KNIK,122542000,NA,SIMONSON BLK 16A LT   5  G:1526,10000
R19-1980,BldgAlter,ARCTIC SOLAR VENTURES CORPORATION,2019,2551 FORAKER,122237000,NA,TURNAGAIN HOMES BLK  N LT  13  G:1526,16000
R19-1981,BldgAlter,ARCTIC SOLAR VENTURES CORPORATION,2019,1775 FOREST PARK,114333000,NA,LAGOON ESTATES LT   4  G:1428,15000
R19-1982,BldgAlter,ARCTIC SOLAR VENTURES CORPORATION,2019,W 3230 31ST,1004353000,NA,TURNAGAIN SOUTH BLK  4 LT   5  G:1626,13000
R19-1983,BldgAlter,ARCTIC SOLAR VENTURES CORPORATION,2019,2001 HILLCREST,114218000,NA,LINGO LT  34A  G:1428,16000
R19-1984,BldgAlter,ARCTIC SOLAR VENTURES CORPORATION,2019,2451.5 SPURR,122437000,NA,CHARLES G JONES LT 17  G:1526,14000
R19-2050,BldgAlter,ANCHORAGE SOLAR,2019,11800 NEBESNA,1524305000,NA,ALPINE TERRACE BLK  2 LT   3  G:2740,18600
R19-2080,BldgAlter,ANCHORAGE SOLAR,2019,1614 HIDDEN,110125000,NA,SOUTH ADDITION BLK 46 LT  10  G:1428,15445
R19-2081,BldgAlter,ANCHORAGE SOLAR,2019,1594 GARDEN,411232000,NA,SAXTON BLK  3 LT   9  G:1434,13440
R19-2082,BldgAlter,ANCHORAGE SOLAR,2019,W 1536 14TH,110234000,NA,SOUTH ADDITION BLK 33D LT   4  G:1428,11790
R19-2083,BldgAlter,ANCHORAGE SOLAR,2019,1327 H,215643000,NA,SOUTH ADDITION BLK 37B LT   9  G:1430,12398
R19-2092,BldgAlter,ANCHORAGE SOLAR,2019,14111 SUNVIEW,1820148000,NA,SUNSET HILLS BLK  B LT  25  G:3033,13440
R19-2096,BldgAlter,ANCHORAGE SOLAR,2019,W 1429 12TH,108455000,NA,SOUTH ADDITION BLK 26A LT   8  G:1329,7470
R19-2097,BldgAlter,ANCHORAGE SOLAR,2019,W 1406 13TH,109615000,NA,VIEW RIDGE (OF SOUTH ADDN) BLK 34A LT   1  G:1429,12810
R19-2121,BldgAlter,ANCHORAGE SOLAR,2019,920 R,107223000,NA,L STREET SLIDE REPLAT PHASE 2 BLK 13B LT,15120
R19-2122,BldgAlter,ANCHORAGE SOLAR,2019,W 1517 15TH,110240000,NA,SOUTH ADDITION BLK 33D LT   8  G:1428,17010
R19-2123,BldgAlter,ANCHORAGE SOLAR,2019,1529 E,215325000,NA,SOUTH ADDITION BLK 40A LT   8  G:1430,10395
R19-2124,BldgAlter,ANCHORAGE SOLAR,2019,24242 ALPENGLOW,5061133000,NA,HAMANN LT  7A  G:0161,33630
R19-2127,BldgAlter,RENEWABLE ENERGY SYSTEMS,2019,9410 NETTLETON,1506262000,NA,NETTLETON ACRES #1 LT  1  G:2439,25655
R19-2128,BldgAlter,RENEWABLE ENERGY SYSTEMS,2019,17001 ARIES,2009130000,NA,SUSITNA VIEW ESTATES BLK  3 LT   8  G:3336,17990
R19-2161,BldgAlter,ANCHORAGE SOLAR,2019,W 1319 11TH,108490000,NA,SOUTH ADDITION BLK  15B LT   9 E23' & LT 10  G:1329,18225
R19-2164,BldgAlter,ANCHORAGE SOLAR,2019,1426 G,215610000,NA,SOUTH ADDITION BLK 37C LT   4  G:1430,19300
R19-2172,BldgAlter,ARCTIC SOLAR VENTURES CORPORATION,2019,W 3735 35TH,1007226000,NA,HAWTHORNE BLK  1 LT   6  G:1626,17500
R19-2173,BldgAlter,ARCTIC SOLAR VENTURES CORPORATION,2019,2439 DOUGLAS,122213000,NA,TURNAGAIN HOMES BLK  M LT  29  G:1526,11000
R19-2174,BldgAlter,ARCTIC SOLAR VENTURES CORPORATION,2019,3640 CLAY PRODUCTS,122511000,NA,HOLIFIELD LT  5  G:1526,13000
R19-2175,BldgAlter,ARCTIC SOLAR VENTURES CORPORATION,2019,2437 LOUSSAC,123329000,NA,TURNAGAIN HEIGHTS #1 BLK  B LT  21  G:1527,14000
R19-2212,BldgAlter,RENEWABLE ENERGY SYSTEMS,2019,1601 KEPNER,623317000,NA,NUNAKA VALLEY BLK  B LT  28  G:1438,19990
R19-2264,BldgAlter,ARCTIC SOLAR VENTURES CORPORATION,2019,3620 CLAY PRODUCTS,122513000,NA,HOLIFIELD LT  3  G:1526,15000
R19-2265,BldgAlter,ARCTIC SOLAR VENTURES CORPORATION,2019,2100 FORAKER,119212000,NA,PARK BLK   R LT  19  G:1526,15000
R19-2272,BldgAlter,ANCHORAGE SOLAR,2019,W 1342 12TH,108462000,NA,SOUTH ADDITION BLK 26D LT   2B  G:1329,15045
R19-2273,BldgAlter,ANCHORAGE SOLAR,2019,3764 HENDERSON,1408138000,NA,GATEWAY BLK  2 LT   3  G:2135,12280
R19-2274,BldgAlter,ANCHORAGE SOLAR,2019,1123 I,108133000,NA,SOUTH ADDITION BLK 23A LT   8B  G:1329,18100
R19-2281,BldgAlter,ANCHORAGE SOLAR,2019,1351 U,110616000,NA,BOOTLEGGER PARK BLK  1 LT  16  G:1428,19566
R19-2355,BldgAlter,ANCHORAGE SOLAR,2019,1353 U,110615000,NA,BOOTLEGGER PARK BLK  1 LT  15  G:1428,18900
R19-2356,BldgAlter,ANCHORAGE SOLAR,2019,2205 HILAND,7814118000,NA,SOUTHFORK NORTH BLK  1 LT   2  G:0959,28008
R19-2359,BldgAlter,ANCHORAGE SOLAR,2019,E 923 11TH,311524000,NA,BEVERS (THIRD ADDN) BLK   4C LT  10 G:1332,17280
R19-2377,BldgAlter,RENEWABLE ENERGY SYSTEMS,2019,2261 FOXHALL,627218000,NA,FOXHALL #1 BLK  1 LT  51  G:1539,13500
R19-2428,BldgAlter,ANCHORAGE SOLAR,2019,2727 HILAND,7816109000,NA,CHUGACH HILLS BLK  1 LT   1A  G:0959,12600
R19-2458,BldgAlter,ANCHORAGE SOLAR,2019,1322 N,109604000,NA,VIEW RIDGE (OF SOUTH ADDN) BLK 34B LT   4  G:1429,22850
R19-2459,BldgAlter,ANCHORAGE SOLAR,2019,W 3332 83RD,1225218000,NA,MCWILLIAMS BLK  2A LT   3  G:2226,13230
R19-2460,BldgAlter,ANCHORAGE SOLAR,2019,3116 PRINCETON,321613000,NA,COLLEGE VILLAGE # 6 BLK 15 LT   2  G:1633,22320
R19-2461,BldgAlter,ANCHORAGE SOLAR,2019,W 621 15TH,215519000,NA,SOUTH ADDITION BLK 38D LT   3  G:1430,13650
R19-2462,BldgAlter,ANCHORAGE SOLAR,2019,2727 HILAND,7816109000,NA,CHUGACH HILLS BLK  1 LT   1A  G:0959,12600
R19-2463,BldgAlter,ANCHORAGE SOLAR,2019,3861 CHINIAK BAY,1140102000,NA,BAYSHORE WEST #2 BLK  5 LT   1  G:2525,72540
R19-2526,BldgAlter,ARCTIC SOLAR VENTURES CORPORATION,2019,3561 NOVA,1006339000,NA,SATELLITE PARK #1 BLK  1 LT  20A  G:1625,15000
R19-2527,BldgAlter,ARCTIC SOLAR VENTURES CORPORATION,2019,2112 ESQUIRE,117531000,NA,FOREST PARK LT  13 G:1528,20000
R19-2528,BldgAlter,ARCTIC SOLAR VENTURES CORPORATION,2019,2266 SAINT ELIAS,118423000,NA,TURNAGAIN HOMES BLK  L LT   7  G:1527,20000
R19-2529,BldgAlter,ARCTIC SOLAR VENTURES CORPORATION,2019,3850 KNIK,122541000,NA,SIMONSON BLK 16A LT   6  G:1526,15000
R19-2530,BldgAlter,ARCTIC SOLAR VENTURES CORPORATION,2019,3724 KNIK,122546000,NA,SIMONSON BLK 16A LT   1  G:1526,13000
R19-2531,BldgAlter,ARCTIC SOLAR VENTURES CORPORATION,2019,2513 LORD BARANOF,123305000,NA,TURNAGAIN HOMES BLK   D LT 28A  G:1527,15000
R19-2533,BldgAlter,ARCTIC SOLAR VENTURES CORPORATION,2019,4100 BALCHEN,1019128000,NA,BROADMOOR ESTATES BLK  2 LT  21  G:1727,15000
R19-2534,BldgAlter,ARCTIC SOLAR VENTURES CORPORATION,2019,2100 FORAKER,119212000,NA,PARK BLK   R LT  19  G:1526,15000
R19-2584,BldgAlter,ANCHORAGE SOLAR,2019,1210 N,108468000,NA,SOUTH ADDITION BLK 26C LT   1  G:1329,10150
R19-2585,BldgAlter,ANCHORAGE SOLAR,2019,3404 LAKESIDE,1242124000,NA,CAMPBELL LAKE HEIGHTS BLK  1 LT  16  G:2426,19800
R19-2586,BldgAlter,ANCHORAGE SOLAR,2019,W 1228 15TH,109453000,NA,SOUTH ADDITION BLK 44A LT   2A  G:1429,14930
R19-2589,BldgAlter,ANCHORAGE SOLAR,2019,1525 HIDDEN,110114000,NA,SOUTH ADDITION BLK 46 LT  19  G:1428,1597
R19-2627,BldgAlter,ANCHORAGE SOLAR,2019,E 115 11TH,213654000,NA,THIRD ADDITION BLK 13 LT  26  G:1331,12951
R19-2628,BldgAlter,ANCHORAGE SOLAR,2019,E 2825 18TH,414244000,NA,SAXTON BLK  9 LT   9  G:1434,11880
R19-2636,BldgAlter,ANCHORAGE SOLAR,2019,1518 K,109314000,NA,MARTIN AND WELCH (SOUTH ADD) BLK 43A LT,12100
R19-2637,BldgAlter,ANCHORAGE SOLAR,2019,W 2108 46TH,1023316000,NA,NORTH STAR BLK  D LT  11  G:1828,9735
R19-2664,BldgAlter,ARCTIC SOLAR VENTURES CORPORATION,2019,W 2423 MARSTON,122423000,NA,SIMONSON ESTATES BLK,16000
R19-2668,BldgAlter,ARCTIC SOLAR VENTURES CORPORATION,2019,2426 SUSITNA,122324000,NA,TURNAGAIN HOMES BLK  R LT 8  G:1526,16000
R19-2767,BldgAlter,ARCTIC SOLAR VENTURES CORPORATION,2019,4046 WESTWOOD,121153000,NA,WEST TURNAGAIN BLK  2 LT   8  G:1525,25000
R19-2818,BldgAlter,ANCHORAGE SOLAR,2019,2831 WILEY POST,1013108000,NA,BROADMOOR ESTATES #2 BLK  9 LT  19  G:1727,16170
R19-2827,BldgAlter,ARCTIC SOLAR VENTURES CORPORATION,2019,2501 SUSITNA,122317000,NA,TURNAGAIN HOMES BLK  Q LT  23  G:1526,15000
R19-2848,BldgAlter,RENEWABLE ENERGY SYSTEMS,2019,3205 WYOMING,1009753000,NA,WOODLAND PARK #2 BLK   2 LT  12A G:1628,35990
R19-2937,BldgAlter,ARCTIC SOLAR VENTURES CORPORATION,2019,5701 YUKON CHARLIE,1131215000,NA,WESTPARK ADDN 5 BLK  9 LT  15  G:2223,4000
R19-2943,BldgAlter,ANCHORAGE SOLAR,2019,4010 WORONZOF,1005359000,NA,TURNAGAIN WEST BLK  2 LT  26  G:1625,15760
R19-2946,BldgAlter,ANCHORAGE SOLAR,2019,6912 CUTTY SARK,1108207000,NA,SCOTTISH HILLS BLK  1 LT  30  G:2125,11880
R19-2947,BldgAlter,ANCHORAGE SOLAR,2019,9750 CHENEGA,4102205000,NA,TUXEDNI PARK BLK  1 LT  13  G:2042,15760
R19-2966,BldgAlter,ARCTIC SOLAR VENTURES CORPORATION,2019,1628 WOODCUTTER,927355075,NA,FYFE BLK   3 LT   2 WOODED ACRES G:1933,12000
R19-2967,BldgAlter,ARCTIC SOLAR VENTURES CORPORATION,2019,2271 BELMONT,117323000,NA,HUNTINGTON PARK #5A BLK  5 LT  22  G:1528,15000
R19-3031,BldgAlter,MIDNIGHT SUN SOLAR LLC,2019,3756 HENDERSON,1408139000,NA,GATEWAY BLK  2 LT   2  G:2135,7500
R19-3033,BldgAlter,RENEWABLE ENERGY SYSTEMS,2019,N 1848 SALEM,911140000,NA,UNIVERSITY PARK #1 BLK  2 LT  15  G:1733,14990
R19-3034,BldgAlter,RENEWABLE ENERGY SYSTEMS,2019,8521 PIONEER,723305000,NA,CHUGACH FOOTHILLS #1 BLK  5 LT  39  G:1741,28788
R19-3098,BldgAlter,RENEWABLE ENERGY SYSTEMS,2019,1411 ATKINSON,616742000,NA,NUNAKA VALLEY BLK  C LT  13  G:1438,10799
X19-1271,BldgAlter,ANCHORAGE SOLAR,2019,3737 COVENTRY,1423335000,NA,WINCHESTER HEIGHTS BLK  4 LT  11  G:2235,20030
R17-1263,BldgAlter,ANCHORAGE SOLAR,4/30/17,5201 TAURUS,2009231000,1,LOMA ESTATES BLK   3 LT   2  G:3337,10653
R17-1264,BldgAlter,ANCHORAGE SOLAR,4/30/17,8212 RACE,711647000,1,CHUGACH FOOTHILLS #9 BLK   9 LT  45A  G:1741,6200
R17-1293,BldgAlter,ANCHORAGE SOLAR,4/30/17,E 5542 97TH,1507213000,1,SUMMIT ESTATES BLK   2 LT   6  G:2437,13992
R17-1294,BldgAlter,ANCHORAGE SOLAR,4/30/17,1407 INLET,109344000,1,SOUTH ADDITION BLK  35C LT   7A  G:1429,21000
C17-1493,BldgAlter,ANCHORAGE SOLAR,5/31/17,2301 SPENARD,116455000,0,ROMIG PARK BLK   4 LT   9A  G:1529,26800
R17-1474,BldgAlter,ARCTIC SOLAR VENTURES CORPORATION,5/31/17,1957 WILDWOOD,114343000,0,LINGO LT   1A  G:1428,17502
R17-1475,BldgAlter,ARCTIC SOLAR VENTURES CORPORATION,5/31/17,12800 HUFFMAN,1808149000,0,HUFFMAN HILLS NORTH BLK   2 LT   6  G:2833,12710
R17-1476,BldgAlter,ARCTIC SOLAR VENTURES CORPORATION,5/31/17,10611 TAHNEETA,1511250000,0,SHELL #1 LT   1A  G:2536,12170
R17-1573,BldgAlter,ANCHORAGE SOLAR,5/31/17,10641 ELIES,1513427000,0,LAKEWOOD HILLS #4 BLK   1 LT   5  G:2540,16128
C17-1590,BldgAlter,LIME SOLAR LLC,6/30/17,6637 ARCTIC SPUR,1208111000,0,ARCTIC INDUSTRIAL #2 BLK   1 LT  11  G:2029,60000
R17-1664,BldgAlter,ANCHORAGE SOLAR,6/30/17,17053 ARIES,2009127000,0,SUSITNA VIEW ESTATES BLK   3 LT  11  G:3336,16128
R17-1880,BldgAlter,ANCHORAGE SOLAR,7/31/17,10001 HAMPTON,1513465000,0,HAMPTON HILLS #1 BLK   2 LT  14  G:2540,13720
R17-2117,BldgAlter,ANCHORAGE SOLAR,8/31/17,16001 WIND SONG,2004290000,0,PTARMIGAN ROOST BLK   3 LT   5  G:3238,10725
R17-2124,BldgAlter,ARCTIC SOLAR VENTURES CORPORATION,8/31/17,3544 DEBARR,412301000,0,GRANDVIEW GARDENS BLK   9 LT  10  G:1435,14110
R17-2251,BldgAlter,ANCHORAGE SOLAR,8/31/17,10610 PACER,1511242000,0,O'MALLEY HEIGHTS LT   3A  G:2536,11800
R17-2268,BldgAlter,LIME SOLAR LLC,8/31/17,2421 MAYLEN,1801163000,0,HUFFMAN HILLS NORTH #2 BLK   1 LT  19  G:2833,14000
C17-2004,BldgAlter,ARCTIC SOLAR VENTURES CORPORATION,10/31/17,3800 ALUMNI,421101000,0,T13N R3W SEC 28 NE4NE4  G:1635,9900
R17-2669,BldgAlter,ANCHORAGE SOLAR,11/30/17,1709 KEPNER,623210000,0,NUNAKA VALLEY BLK   W LT   3  G:1438,13224
R18-1116,BldgAlter,ANCHORAGE SOLAR,2/28/18,2024 WILDWOOD,114202000,0,LINGO LT  30  G:1428,11580
R18-1126,BldgAlter,RENEWABLE ENERGY SYSTEMS,3/31/18,10501 LONE TREE,1532219000,0,VALLI VUE ESTATES #2 BLK   3 LT  44  G:2538,16500
R18-1162,BldgAlter,ANCHORAGE SOLAR,3/31/18,342 ORCHID,1804161000,0,BOTANICAL PARK ESTATES LT  14  G:2830,24000
R18-1163,BldgAlter,ANCHORAGE SOLAR,3/31/18,E 5165 172ND,2009246000,0,LOMA ESTATES BLK   2 LT   5  G:3337,24634
R18-1301,BldgAlter,ANCHORAGE SOLAR,4/30/18,16800 RANSOM RIDGE,2009215000,0,RANSOM RIDGE LT   5  G:3337,11328
R18-1416,BldgAlter,ANCHORAGE SOLAR,4/30/18,E 2710 20TH,415322000,0,ANCHOR PARK BLK   7 LT  22  G:1534,9882
R18-1428,BldgAlter,ARCTIC SOLAR VENTURES CORPORATION,4/30/18,6700 MACBETH,1551110000,0,MACBETH BLK   2 LT   2  G:2639,18000
R18-1496,BldgAlter,ANCHORAGE SOLAR,5/31/18,2814 ALDER,415421000,0,ANCHOR PARK BLK   7 LT  46  G:1534,10974
R18-1578,BldgAlter,ANCHORAGE SOLAR,5/31/18,E 3543 19TH,413240000,0,THUNDERBIRD TERRACE #1 BLK   7 LT  26  G:1435,6195
R18-1583,BldgAlter,ANCHORAGE SOLAR,5/31/18,E 2430 16TH,414651000,0,CITY VIEW #1 BLK   1 LT  24  G:1434,15665
R18-1584,BldgAlter,ANCHORAGE SOLAR,5/31/18,E 2318 20TH,415203000,0,ANCHOR PARK BLK   6 LT   4  G:1534,9590
R18-1585,BldgAlter,ANCHORAGE SOLAR,5/31/18,2712 KOBUK,414354000,0,CITY VIEW #3 BLK   6 LT  30  G:1434,15665
R18-1635,BldgAlter,LIME SOLAR LLC,5/31/18,7730 EASTBROOK,635548000,0,EASTBROOK BLK   1 LT  48  G:1540,4800
R18-1703,BldgAlter,ANCHORAGE SOLAR,5/31/18,2136 ALDER,415410000,0,ANCHOR PARK BLK   7 LT  35  G:1534,10383
R18-1704,BldgAlter,ANCHORAGE SOLAR,5/31/18,3039 ALDER,415506000,0,ANCHOR PARK BLK   7 LT  54 P-254 G:1534,10974
R18-1705,BldgAlter,ANCHORAGE SOLAR,5/31/18,2410 OAK,415304000,0,ANCHOR PARK BLK   7 LT   4 P-254 G:1534,7906
C18-1697,BldgAlter,ARCTIC SOLAR VENTURES CORPORATION,6/30/18,540 MUMFORD,404418000,0,MOUNTAIN VIEW BLK  17 LT   2 N3 E2  G:1135,16000
R18-1827,BldgAlter,ANCHORAGE SOLAR,6/30/18,E 2300 16TH,414645000,0,CITY VIEW #1 BLK   1 LT  18  G:1434,11174
R18-1828,BldgAlter,ANCHORAGE SOLAR,6/30/18,1518 AIRPORT HEIGHTS,411242000,0,SAXTON BLK   4 LT  15  G:1434,10974
R18-1832,BldgAlter,ANCHORAGE SOLAR,6/30/18,E 2709 17TH,414333000,0,CITY VIEW #3 BLK   6 LT   7  G:1434,10974
R18-1835,BldgAlter,ANCHORAGE SOLAR,6/30/18,E 2410 17TH,414561000,0,CITY VIEW #2 BLK   2 LT  13  G:1434,7906
R18-1836,BldgAlter,ANCHORAGE SOLAR,6/30/18,2129 SUNRISE,415518000,0,ANCHOR PARK BLK   7 LT  65  G:1534,7906
R18-1837,BldgAlter,ANCHORAGE SOLAR,6/30/18,E 2739 17TH,414330000,0,CITY VIEW #3 BLK   6 LT   4  G:1434,10974
R18-1838,BldgAlter,ANCHORAGE SOLAR,6/30/18,1406 SUNRISE,412607000,0,GRANDVIEW GARDENS BLK   2 LT  11B  G:1435,7145
R18-1839,BldgAlter,ANCHORAGE SOLAR,6/30/18,1820 LOGAN,414508000,0,CITY VIEW #2 BLK   3 LT  22  G:1434,8006
R18-1840,BldgAlter,ANCHORAGE SOLAR,6/30/18,1820 TOKLAT,414539000,0,CITY VIEW #2 BLK   2 LT  22  G:1434,10974
R18-1847,BldgAlter,ANCHORAGE SOLAR,6/30/18,1517 BIRCHWOOD,411223000,0,SAXTON BLK   3 LT   2  G:1434,10430
R18-1905,BldgAlter,ARCTIC SOLAR VENTURES CORPORATION,6/30/18,W 607 12TH,214430000,0,SOUTH ADDITION BLK  22A LT   6  G:1330,5000
R18-1906,BldgAlter,ARCTIC SOLAR VENTURES CORPORATION,6/30/18,9770 ATELIER,4102250000,0,TUXEDNI PARK WEST BLK   1 LT  12  G:2042,20000
R18-1907,BldgAlter,ARCTIC SOLAR VENTURES CORPORATION,6/30/18,1435 M,109433000,0,VIEW RIDGE (OF SOUTH ADDN) BLK  35B LT  13  G:1429,9000
R18-1908,BldgAlter,ARCTIC SOLAR VENTURES CORPORATION,6/30/18,5703 BIG BEND,1128181000,0,WESTPARK ADDN 2C BLK   3 LT  32  G:2223,6500
R18-1947,BldgAlter,ANCHORAGE SOLAR,6/30/18,W 1104 11TH,108339000,0,SOUTH ADDITION BLK  25B LT   1  G:1329,11063
R18-1992,BldgAlter,ANCHORAGE SOLAR,6/30/18,E 3154 18TH,413153000,0,THUNDERBIRD TERRACE #1 BLK   2 LT  11  G:1435,20986
R18-1993,BldgAlter,ANCHORAGE SOLAR,6/30/18,E 2400 16TH,414648000,0,CITY VIEW #1 BLK   1 LT  21  G:1434,12853
R18-1995,BldgAlter,ANCHORAGE SOLAR,6/30/18,1519 COLUMBINE,412408000,0,GRANDVIEW GARDENS BLK   8 LT  18  G:1435,15665
R18-1996,BldgAlter,ANCHORAGE SOLAR,6/30/18,1519 AIRPORT HEIGHTS,412644000,0,GRANDVIEW GARDENS BLK   4 LT   3  G:1435,10974
R18-1997,BldgAlter,ANCHORAGE SOLAR,6/30/18,1830 ALDER,414307000,0,CITY VIEW #2 BLK   8 LT  18  G:1434,7906
R18-1999,BldgAlter,ANCHORAGE SOLAR,6/30/18,2800 ALDER,415419000,0,ANCHOR PARK BLK   7 LT  44  G:1534,15665
R18-2051,BldgAlter,RENEWABLE ENERGY SYSTEMS,7/31/18,6250 CRANBERRY,1205147000,0,WILK LT   2B  G:2026,13990
R18-2052,BldgAlter,RENEWABLE ENERGY SYSTEMS,7/31/18,6300 HABICHT,607239000,0,RAVENSBRUCH BLK   1 LT   6  G:1239,20637
R18-2085,BldgAlter,ANCHORAGE SOLAR,7/31/18,1529 BIRCHWOOD,411222000,0,SAXTON BLK   3 LT   3  G:1434,13836
R18-2086,BldgAlter,ANCHORAGE SOLAR,7/31/18,2421 OAK,415215000,0,ANCHOR PARK BLK   6 LT  16  G:1534,15665
R18-2087,BldgAlter,ANCHORAGE SOLAR,7/31/18,1902 ALDER,414310000,0,CITY VIEW #2 BLK   8 LT  21  G:1434,10974
R18-2088,BldgAlter,ANCHORAGE SOLAR,7/31/18,2434 OAK,415307000,0,ANCHOR PARK BLK   7 LT   7 P-254 G:1534,14844
R18-2089,BldgAlter,ANCHORAGE SOLAR,7/31/18,E 2612 20TH,415317000,0,ANCHOR PARK BLK   7 LT  17  G:1534,10974
R18-2090,BldgAlter,ANCHORAGE SOLAR,7/31/18,3018 ALDER,415502000,0,ANCHOR PARK BLK   7 LT  73  G:1534,11075
R18-2120,BldgAlter,ANCHORAGE SOLAR,7/31/18,11009 NORTHFLEET,1916307000,0,LOOKOUT LANDING PHASE 3 BLK   2 LT  23  G:2627,15576
R18-2121,BldgAlter,ANCHORAGE SOLAR,7/31/18,230 PACIFIC VIEW,1805120000,0,OCEAN VIEW WEST #1 BLK   2 LT   4  G:2830,22066
C18-1989,BldgAlter,ARCTIC SOLAR VENTURES CORPORATION,8/31/18,E 502 FIREWEED,901454000,0,LAMPERT BLK   2 LT 33A  G:1531,46000
R18-2312,BldgAlter,ARCTIC SOLAR VENTURES CORPORATION,8/31/18,1801 TERREBONNE,1255401000,0,GRANDE TERRE BLK   1 LT   1  G:2228,19000
R18-2344,BldgAlter,ANCHORAGE SOLAR,8/31/18,1564 BIRCHWOOD,411214000,0,SAXTON BLK  10 LT  11  G:1434,10140
R18-2346,BldgAlter,ANCHORAGE SOLAR,8/31/18,1923 KUSKOKWIM,414315000,0,CITY VIEW #2 BLK   8 LT  26  G:1434,7956
R18-2384,BldgAlter,ARCTIC SOLAR VENTURES CORPORATION,8/31/18,W 121 11TH,214303000,0,THIRD ADDITION BLK  12A LT  10  G:1330,17000
R18-2386,BldgAlter,ARCTIC SOLAR VENTURES CORPORATION,8/31/18,11921 WHISPERING SPRUCE,1530120000,0,SKY RANCH ESTATES #1 BLK   5 LT  18  G:2737,21000
R18-2477,BldgAlter,ANCHORAGE SOLAR,8/31/18,16901 MOUNT MC KINLEY VIEW,2010115000,0,MT MCKINLEY VIEW ESTATES BLK   1 LT   1  G:3339,30680
R18-2636,BldgAlter,PIKE CHRISTOPHER J 50,9/30/18,1308 ANNAPOLIS,323105000,0,COLLEGE VILLAGE #10 BLK  28 LT   4  G:1632,4500
R18-2669,BldgAlter,ARCTIC SOLAR VENTURES CORPORATION,9/30/18,3650 FURROW CREEK,1704210000,0,MCMAHON BLK   3 LT  10  G:2835,20000
R18-2689,BldgAlter,ANCHORAGE SOLAR,9/30/18,W 2908 34TH,1008206000,0,TOPE LT   E  G:1627,11682
R18-2690,BldgAlter,ANCHORAGE SOLAR,9/30/18,2561 LOVEJOY,416224000,0,ANCHOR PARK BLK   1 LT  18  G:1534,13216
R18-2743,BldgAlter,ANCHORAGE SOLAR,10/31/18,1900 CHEROKEE,622349000,0,INDIAN HILLS #3 BLK   4 LT  12  G:1439,15060
R18-2773,BldgAlter,ANCHORAGE SOLAR,10/31/18,3226 UPLAND,705214000,0,HILAND TERRACE BLK   1 LT   9  G:1640,25606
R20-1043,BldgAlter,ARCTIC SOLAR VENTURES CORPORATION,1/31/20,2200 BELMONT,117361000,0,HUNTINGTON PARK #5A BLK   8 LT  20  G:1528,17000
R20-1044,BldgAlter,ARCTIC SOLAR VENTURES CORPORATION,1/31/20,W 2304 MARSTON,119505000,0,C L PLUMB LT   8  G:1526,15000
C20-1223,BldgAlter,ARCTIC SOLAR VENTURES CORPORATION,3/31/20,E 3521 TUDOR,802182000,0,ATHENIAN VILLAGE TR F-2A-2  G:1735,78000
R20-1209,BldgAlter,ALASKA SOLAR LLC,3/31/20,7530 LABRADOR,1107301000,0,SPORTSMENS POINT #3 BLK   4 LT   4  G:2124,14747
R20-1210,BldgAlter,ALASKA SOLAR LLC,3/31/20,8900 JUPITER,1501231000,0,ZODIAK MANOR ALASKA BLK   5 LT  18  G:2336,25487
R20-1211,BldgAlter,ALASKA SOLAR LLC,3/31/20,E 2306 74TH,1413240000,0,ALPINE VILLAGE BLK   5 LT  18A  G:2133,16877
R20-1236,BldgAlter,ARCTIC SOLAR VENTURES CORPORATION,3/31/20,10830 KAMISHAK BAY,1909103000,0,BAYSHORE WEST #2 BLK   4 LT  23  G:2626,13000
R20-1237,BldgAlter,ARCTIC SOLAR VENTURES CORPORATION,3/31/20,2227 DOUGLAS,119122000,0,PARK BLK   M LT  22  G:1526,18000
R20-1238,BldgAlter,ARCTIC SOLAR VENTURES CORPORATION,3/31/20,3181 MARATHON,1909223000,0,BAYSHORE WEST #3 LT  31  G:2626,18000
R20-1239,BldgAlter,ARCTIC SOLAR VENTURES CORPORATION,3/31/20,3800 WINTERSET,910216000,0,LAKE OTIS PARK BLK   C LT   6  G:1733,18000
R20-1240,BldgAlter,ARCTIC SOLAR VENTURES CORPORATION,3/31/20,9102 SAHALEE,1504416000,0,SAHALEE BLK   1 LT  42  G:2336,13000
R20-1241,BldgAlter,ALASKA SOLAR LLC,3/31/20,18222 WERRE,5123247000,0,T15N R1W SEC 18 LT 193B  G:1054,13888
C20-1284,BldgAlter,ALASKA SOLAR LLC,4/30/20,1801 O'MALLEY,1606263000,0,COMMODORE PARK TR   D-1  G:2533,39060
C20-1330,BldgAlter,ARCTIC SOLAR VENTURES CORPORATION,4/30/20,6407 ARCTIC SPUR,1202140000,0,ARCTIC INDUSTRIAL #2 BLK   1 LTS  3 & 4  G:2029,87559.2
R20-1291,BldgAlter,ALASKA SOLAR LLC,4/30/20,7436 BERN,1413313000,0,ALPINE VILLAGE BLK   4 LT   4  G:2133,14968
R20-1292,BldgAlter,ALASKA SOLAR LLC,4/30/20,14400 PRATOR,1709301000,0,ASPEN RIDGE BLK   1 LT   1  G:3039,23761
R20-1294,BldgAlter,ALASKA SOLAR LLC,4/30/20,4936 VIRGO,2009137000,0,SUSITNA VIEW ESTATES BLK   3 LT   6  G:3336,10958
R20-1307,BldgAlter,MIDNIGHT SUN SOLAR LLC,4/30/20,E 3035 112TH,1527150000,0,PTARMIGAN VIEW ESTATES LT   2  G:2634,9765
R20-1338,BldgAlter,ALASKA SOLAR LLC,4/30/20,8747 SAHALEE,1501550000,0,SAHALEE PHASE 2 BLK   2 LT  28  G:2336,20194
R20-1339,BldgAlter,ALASKA SOLAR LLC,4/30/20,8720 JUPITER,1501228000,0,ZODIAK MANOR ALASKA BLK   5 LT  21  G:2336,11996
R20-1340,BldgAlter,ALASKA SOLAR LLC,4/30/20,6212 PROMINENCE POINTE,2010277000,0,PROMINENCE POINTE PH 7 BLK   4 LT   2  G:3338,17985
R20-1341,BldgAlter,ALASKA SOLAR LLC,4/30/20,3789 HENDERSON,1408151000,0,GATEWAY BLK   1 LT  11  G:2135,6232
R20-1342,BldgAlter,ALASKA SOLAR LLC,4/30/20,20618 EDWARD,5111162000,0,OUR MOUNTAIN BLK   2 LT   4  G:1361,13332
R20-1394,BldgAlter,ARCTIC SOLAR VENTURES CORPORATION,4/30/20,3906 WESLEYAN,515212000,0,CASTLE HEIGHTS BLK   1 LT  12  G:1737,12502
R20-1395,BldgAlter,ARCTIC SOLAR VENTURES CORPORATION,4/30/20,10540 WHITBY,1140429000,0,RESOLUTION POINTE PH 3 BLK  3A LT  26  G:2525,25100
R20-1396,BldgAlter,ARCTIC SOLAR VENTURES CORPORATION,4/30/20,2220 SHORE,1910172000,0,SHORE CREST BLK   3 LT  16A  G:2728,24550
R20-1397,BldgAlter,ARCTIC SOLAR VENTURES CORPORATION,4/30/20,4859 PAVALOF,920234000,0,BANCROFT #2 BLK   3 LT  29  G:1832,18350
R20-1398,BldgAlter,ARCTIC SOLAR VENTURES CORPORATION,4/30/20,5224 EMMANUEL,512229000,0,COLLEGEGATE #6 BLK  13 LT  12  G:1637,19000
R20-1399,BldgAlter,ARCTIC SOLAR VENTURES CORPORATION,4/30/20,12020 VICTOR,1913102000,0,SEASCAPE PH 1 BLK   1 LT   1  G:2727,22180
R20-1400,BldgAlter,ARCTIC SOLAR VENTURES CORPORATION,4/30/20,4873 WESLEYAN,515117000,0,CASTLE HEIGHTS #1 BLK   6 LT   6  G:1737,16992
R20-1401,BldgAlter,ARCTIC SOLAR VENTURES CORPORATION,4/30/20,3011 AMBER BAY,1909168000,0,BAYSHORE WEST #2 BLK   2 LT   7  G:2626,20880
R20-1402,BldgAlter,ARCTIC SOLAR VENTURES CORPORATION,4/30/20,3708 CHECKMATE,515175000,0,CASTLE HEIGHTS #4 BLK   7 LT  14  G:1737,12000
R20-1403,BldgAlter,ARCTIC SOLAR VENTURES CORPORATION,4/30/20,8819 SAHALEE,1504452000,0,SAHALEE PHASE 2 BLK   2 LT  25  G:2336,16992
R20-1451,BldgAlter,ALASKA SOLAR LLC,5/31/20,5140 NORGAARD,1705124000,0,T12N R3W SEC 27 LT  34  G:2937,16527
R20-1452,BldgAlter,ALASKA SOLAR LLC,5/31/20,6601 MARQUEZ,1709312000,0,PRATOR BLK  12A LT   4  G:3039,22102
R20-1453,BldgAlter,ALASKA SOLAR LLC,5/31/20,6401 ITALY,2041131000,0,PARADISE VALLEY BLK   4 LT  21A-1  G:3538,13892
R20-1454,BldgAlter,ALASKA SOLAR LLC,5/31/20,E 3630 67TH,1407152000,0,CAMPBELL HEIGHTS BLK   2 LT   4B  G:2035,11996
R20-1455,BldgAlter,ALASKA SOLAR LLC,5/31/20,8416 CORMORANT COVE,1501612000,0,SAHALEE PHASE 3 BLK   2 LT  44  G:2336,27033
R20-1459,BldgAlter,RENEWABLE ENERGY SYSTEMS,5/31/20,11050 CANGE,1527155000,0,ALLEN LT   2  G:2634,19900
R20-1460,BldgAlter,RENEWABLE ENERGY SYSTEMS,5/31/20,2600 IVORY,1825101000,0,MADDUX PARK LT   1  G:3034,22500
R20-1539,BldgAlter,ALASKA SOLAR LLC,5/31/20,7840 MARINO,2055117000,0,RABBIT CREEK VIEW & HEIGHTS BLK   4H LT   3A  G:3340,7156
R20-1541,BldgAlter,ALASKA SOLAR LLC,5/31/20,6700 FERNHILL,1709131000,0,PRATOR BLK   8 LT   4  G:3039,13551
R20-1542,BldgAlter,ALASKA SOLAR LLC,5/31/20,8605 SAHALEE,1501557000,0,SAHALEE PHASE 2 BLK   2 LT  54  G:2336,17394
R20-1543,BldgAlter,ALASKA SOLAR LLC,5/31/20,8901 JUPITER,1504242000,0,ZODIAK MANOR ALASKA BLK   7 LT   5  G:2336,18255
R20-1545,BldgAlter,ALASKA SOLAR LLC,5/31/20,14600 JOANNE,1709247000,0,MELINDA VIEW ESTATES LT   4A  G:3038,12275
R20-1653,BldgAlter,ARCTIC SOLAR VENTURES CORPORATION,5/31/20,4957 WESLEYAN,515152000,0,CASTLE HEIGHTS #2 BLK   6 LT  12  G:1737,20000
R20-1654,BldgAlter,ARCTIC SOLAR VENTURES CORPORATION,5/31/20,1650 VASHON,1911527000,0,PIONEER WEST LT  27  G:2728,22000
R20-1656,BldgAlter,ARCTIC SOLAR VENTURES CORPORATION,5/31/20,14200 JARVI,1820437000,0,SUNSET HILLS WEST BLK   3 LT 13A  G:3033,22000
R20-1657,BldgAlter,ARCTIC SOLAR VENTURES CORPORATION,5/31/20,3219 WESLEYAN,512103000,0,COLLEGEGATE BLK   2 LT   6  G:1637,13000
R20-1658,BldgAlter,ARCTIC SOLAR VENTURES CORPORATION,5/31/20,N 1935 SALEM,911120000,0,UNIVERSITY PARK #1 BLK   1 LT  20  G:1733,13000
R20-1659,BldgAlter,ARCTIC SOLAR VENTURES CORPORATION,5/31/20,2501 TURNAGAIN,123638000,0,TURNAGAIN HOMES BLK   H LT  12  G:1527,8500
R20-1660,BldgAlter,ARCTIC SOLAR VENTURES CORPORATION,5/31/20,10554 WHITBY,1140430000,0,RESOLUTION POINTE PH 3 BLK  3A LT  27  G:2525,30000
R20-1725,BldgAlter,ALASKA SOLAR LLC,5/31/20,2654 LOVEJOY,416405000,0,ANCHOR PARK BLK   4 LT   5  G:1534,12633
R20-1726,BldgAlter,ALASKA SOLAR LLC,5/31/20,8841 TEMPEST,1431333000,0,RIDGECREST BLK   3 LT  14  G:2335,10080
R20-1727,BldgAlter,ALASKA SOLAR LLC,5/31/20,E 310 10TH,213618000,0,THIRD ADDITION BLK   7D LT   5  G:1331,13154
R20-1728,BldgAlter,ALASKA SOLAR LLC,5/31/20,9103 SAHALEE,1504424000,0,SAHALEE BLK   2 LT   5  G:2336,14668
R20-1729,BldgAlter,ALASKA SOLAR LLC,5/31/20,E 3030 88TH,1430103000,0,GRANITE VIEW BLK   6 LT   9  G:2334,14968
R20-1730,BldgAlter,ALASKA SOLAR LLC,5/31/20,18500 KITTIWAKE,2020150000,0,SOUTHCREEK BLK   1 LT  14  G:3537,13069
R20-1731,BldgAlter,ALASKA SOLAR LLC,5/31/20,8831 SOLAR,1504321000,0,ZODIAK MANOR ALASKA BLK   2 LT  21  G:2336,21074
R20-1732,BldgAlter,ALASKA SOLAR LLC,5/31/20,W 2305 TUDOR,1020103000,0,ROOSEVELT PARK BLK   8 LT  13  G:1728,8098
R20-1733,BldgAlter,ALASKA SOLAR LLC,5/31/20,16283 NOBLE POINT,2049234000,0,GOLDENVIEW PARK PH B2 BLK   4 LT  38  G:3236,16127
R20-1734,BldgAlter,ALASKA SOLAR LLC,5/31/20,W 1643 10TH,107236000,0,L STREET SLIDE REPLAT BLK  13 LT   7A  G:1328,17990
C20-1474,BldgAlter,ARCTIC SOLAR VENTURES CORPORATION,6/30/20,3502 SPENARD,1010346000,0,SPENARDIA LT   3  G:1629,58000
R20-1847,BldgAlter,ALASKA SOLAR LLC,6/30/20,6961 RABBIT CREEK,1709159000,0,PRATOR BLK   5 LT   2B  G:3039,13250
R20-1848,BldgAlter,ALASKA SOLAR LLC,6/30/20,4351 DE ARMOUN,1809264000,0,T12N R3W SEC 27 LT  56A REM  G:2936,22105
R20-1849,BldgAlter,ALASKA SOLAR LLC,6/30/20,2321 LEGACY,1811472000,0,HUFFMAN HILLS BLK   3 LT   6  G:2933,24900
R20-1851,BldgAlter,ALASKA SOLAR LLC,6/30/20,15927 BRIDGEVIEW,2048211000,0,GOLDENVIEW PARK PH B1 BLK   6 LT   6  G:3237,14868
R20-1852,BldgAlter,ALASKA SOLAR LLC,6/30/20,12840 FOSTER,1702303000,0,MOUNTAIN PARK ESTATES #2 BLK   4 LT   3  G:2839,7864
R20-1854,BldgAlter,ALASKA SOLAR LLC,6/30/20,16788 WATERFORD POINTE,2010317000,0,PROMINENCE POINTE PH 8 BLK   6 LT  23 THE GATES OF  GOLDENVIEW G:3338,15372
R20-1855,BldgAlter,ALASKA SOLAR LLC,6/30/20,19140 SCENIC HILL,2029140000,0,THE VILLAGES-PINE RIDGE LT   3  G:3637,18385
R20-1857,BldgAlter,ALASKA SOLAR LLC,6/30/20,8933 SAHALEE,1504438000,0,SAHALEE BLK   2 LT  19  G:2336,12699
R20-1858,BldgAlter,ALASKA SOLAR LLC,6/30/20,E 4601 145TH,1817245000,0,ELMORE #2 BLK   8 LT  12  G:3036,17755
R20-1859,BldgAlter,ALASKA SOLAR LLC,6/30/20,9140 GRANITE,1430234000,0,GRANITE VIEW BLK 11   LT 8A  G:2334,22202
R20-1892,BldgAlter,ALASKA SOLAR LLC,6/30/20,4740 NEWCASTLE,1022512000,0,WINDEMERE #2 BLK   8 LT  23  G:1829,15772
R20-1893,BldgAlter,ALASKA SOLAR LLC,6/30/20,5911 AUSTRIA,2041317000,0,PARADISE VALLEY BLK   7 LT   4  G:3538,13251
R20-1918,BldgAlter,RENEWABLE ENERGY SYSTEMS,6/30/20,13940 JARVI,1815120000,0,SUNSET MANOR #2 BLK   6 LT  15  G:2932,6275
R20-1935,BldgAlter,ARCTIC SOLAR VENTURES CORPORATION,6/30/20,3208 WYOMING,1009632000,0,WOODLAND PARK #2 BLK   3 LT   5  G:1628,9000
R20-1936,BldgAlter,ARCTIC SOLAR VENTURES CORPORATION,6/30/20,3910 GENEVA,324703000,0,GENEVA WOODS BLK   5 LT   1  G:1732,11000
R20-1937,BldgAlter,ARCTIC SOLAR VENTURES CORPORATION,6/30/20,4812 WESLEYAN,515129000,0,CASTLE HEIGHTS #1 BLK   5 LT   1  G:1737,15000
R20-1995,BldgAlter,RENEWABLE ENERGY SYSTEMS,6/30/20,3521 BISQUIER,512368000,0,COLLEGEGATE #8 BLK  16 LT   7  G:1637,39654
R20-2072,BldgAlter,ALASKA SOLAR LLC,7/31/20,18790 SERENE,5031369000,0,BRAENDEL CREEK LT  22  G:0154,24806
R20-2073,BldgAlter,ALASKA SOLAR LLC,7/31/20,E 3231 144TH,1819213000,0,T12N R3W SEC 33 LT  55 S180' LESS W110'  G:3034,13851
R20-2074,BldgAlter,ALASKA SOLAR LLC,7/31/20,12752 TANADA,1802542000,0,TANAGA TERRACE BLK   2 LT  14  G:2832,6232
R20-2075,BldgAlter,ALASKA SOLAR LLC,7/31/20,8446 CORMORANT COVE,1501614000,0,SAHALEE PHASE 3 BLK   2 LT  46  G:2336,44143
R20-2076,BldgAlter,ALASKA SOLAR LLC,7/31/20,13520 WINDWARD,1838317000,0,TURNAGAIN VIEW #2 BLK   4 LT  44  G:2934,12496
R20-2077,BldgAlter,ALASKA SOLAR LLC,7/31/20,12750 TANADA,1802542000,0,TANAGA TERRACE BLK   2 LT  14  G:2832,9980
R20-2078,BldgAlter,ALASKA SOLAR LLC,7/31/20,30800 PRUDHOE BAY,5051130000,0,NORTH SLOPE BLK   1 LT   3  G:0703,14292
R20-2079,BldgAlter,ALASKA SOLAR LLC,7/31/20,18660 GENTEEL,5031354000,0,BRAENDEL CREEK LT   7  G:0154,24519
R20-2130,BldgAlter,ARCTIC SOLAR VENTURES CORPORATION,7/31/20,W 3501 NORTHERN LIGHTS,122629000,0,SIMONSON HOMESTEAD LT  18C LT   4  G:1526,18000
R20-2132,BldgAlter,ARCTIC SOLAR VENTURES CORPORATION,7/31/20,1626 GARDEN,414207000,0,SAXTON BLK   6 LT  12A  G:1434,5000
R20-2133,BldgAlter,ARCTIC SOLAR VENTURES CORPORATION,7/31/20,10210 JACKPOT BAY,1247513000,0,BAYSHORE WEST #4A BLK   2 LT   8  G:2526,15000
R20-2134,BldgAlter,ARCTIC SOLAR VENTURES CORPORATION,7/31/20,2130 WASHINGTON,1256138000,0,CONCORD HILL BLK   4 LT  36  G:2528,16000
R20-2271,BldgAlter,RENEWABLE ENERGY SYSTEMS,7/31/20,9856 POSEIDON,1251379000,0,OLYMPUS BLK   7 LT   5  G:2428,24990
R20-2284,BldgAlter,ALASKA SOLAR LLC,7/31/20,8949 SAHALEE,1504437000,0,SAHALEE BLK   2 LT  18  G:2336,13252
R20-2286,BldgAlter,ALASKA SOLAR LLC,7/31/20,4140 TERRACE,1108103000,0,TOWN & COUNTRY ESTATES BLK   1 LT  21  G:2125,18335
R20-2290,BldgAlter,ALASKA SOLAR LLC,7/31/20,14641 PARK HILLS,1714216000,0,PARK HILLS #1 BLK   2 LT   3  G:3037,26188
R20-2293,BldgAlter,ALASKA SOLAR LLC,7/31/20,8839 SAHALEE,1504442000,0,SAHALEE BLK   2 LT  23  G:2336,20676
R20-2299,BldgAlter,ALASKA SOLAR LLC,7/31/20,7420 BEACON HILL,1509292000,0,BEACON HILL ESTATES LTS 4 & 5  G:2440,30053
R20-2322,BldgAlter,ARCTIC SOLAR VENTURES CORPORATION,7/31/20,3026 WESLEYAN,511126000,0,COLLEGEGATE BLK   4 LT  11  G:1637,18000
R20-2326,BldgAlter,ARCTIC SOLAR VENTURES CORPORATION,7/31/20,740 OLD KLATT,1914231000,0,TIMBERLANE PARK #1 BLK   2 LT   2 (P-209)  G:2729,9000
R20-2327,BldgAlter,ARCTIC SOLAR VENTURES CORPORATION,7/31/20,7715 EASTBROOK,635562000,0,EASTBROOK BLK   2 LT   8  G:1540,16000
R20-2365,BldgAlter,ALASKA SOLAR LLC,8/31/20,3209 LOIS,1009520000,0,WOODLAND PARK #2 BLK   4 LT  14  G:1628,11982
R20-2374,BldgAlter,ALASKA SOLAR LLC,8/31/20,6850 CROOKED TREE,1512328000,0,VALLI VUE ESTATES #2 BLK   6 LT  24  G:2539,13971
R20-2375,BldgAlter,ALASKA SOLAR LLC,8/31/20,6255 PROMINENCE POINTE,2010316000,0,PROMINENCE POINTE PH 8 BLK   6 LT  22 THE GATES OF GOLDENVIEW G:3338,16372
R20-2378,BldgAlter,ALASKA SOLAR LLC,8/31/20,9607 MUSKET BALL,1625321000,0,INDEPENDENCE PARK BLK  17 LT   1  G:2433,11558
R20-2379,BldgAlter,ALASKA SOLAR LLC,8/31/20,514 RIVERSTONE,1313130062,0,RIVER PARK TR   A RIVER PARK G:2131,23731
R20-2445,BldgAlter,ALASKA SOLAR LLC,8/31/20,8786 ESTATES,1424446000,0,SPRUCE RIDGE ESTATES LT   1  G:2335,23202
R20-2447,BldgAlter,ALASKA SOLAR LLC,8/31/20,3621 HOLLYBERRY,1408239000,0,RASPBERRY BLK   1 LT  13  G:2135,6732
R20-2448,BldgAlter,ALASKA SOLAR LLC,8/31/20,11945 CIRCLE,1524315000,0,ALPINE TERRACE BLK   4 LT   1  G:2740,15892
R20-2452,BldgAlter,ALASKA SOLAR LLC,8/31/20,W 1037 26TH,125291000,0,SUNBEAM BLK   1 LT   6 W50'  G:1529,23100
R20-2500,BldgAlter,RENEWABLE ENERGY SYSTEMS,8/31/20,2401 CAPTAIN COOK,123527000,0,TURNAGAIN HOMES BLK   E LT  20A  G:1527,9500
R20-2545,BldgAlter,ARCTIC SOLAR VENTURES CORPORATION,8/31/20,7541 SOLDOTNA,1524330000,0,ALPINE TERRACE BLK   1 LT   6  G:2740,18000
R20-2547,BldgAlter,ARCTIC SOLAR VENTURES CORPORATION,8/31/20,2111 BELMONT,117338000,0,HUNTINGTON PARK #5A BLK   5 LT  37  G:1528,21000
R20-2548,BldgAlter,ARCTIC SOLAR VENTURES CORPORATION,8/31/20,2054 ARLINGTON,124408000,0,HUNTINGTON PARK #2 BLK   4 LT  17  G:1528,10000
R20-2549,BldgAlter,ARCTIC SOLAR VENTURES CORPORATION,8/31/20,3838 WESTMINSTER,515159000,0,CASTLE HEIGHTS #2 BLK   6 LT  36  G:1737,22000
R20-2551,BldgAlter,ALASKA SOLAR LLC,8/31/20,7803 BRENTWOOD,1110110000,0,BRENTWOOD BLK   2 LT   4  G:2225,12180
R20-2553,BldgAlter,ALASKA SOLAR LLC,8/31/20,16841 RANSOM RIDGE,2009274000,0,RANSOM RIDGE LT   2B  G:3337,17694
R20-2554,BldgAlter,ALASKA SOLAR LLC,8/31/20,13501 SPENDLOVE,2102114000,0,SPENDLOVE VIEW HEIGHTS BLK   3 LT   6  G:2942,30336
R20-2555,BldgAlter,ALASKA SOLAR LLC,8/31/20,5241 TAURUS,2009232000,0,LOMA ESTATES BLK   3 LT   3  G:3337,16276
R20-2663,BldgAlter,ALASKA SOLAR LLC,9/30/20,7841 TALISMAN,1742233000,0,STELIOES LT   2  G:2840,18094
R20-2664,BldgAlter,ALASKA SOLAR LLC,9/30/20,4836 BLUE HERON,1504414000,0,SAHALEE BLK   1 LT  40  G:2336,13925
R20-2665,BldgAlter,ALASKA SOLAR LLC,9/30/20,4790 BLUE HERON,1504466000,0,SAHALEE PH 4 BLK   1 LT  37  G:2336,18094
R20-2775,BldgAlter,ALASKA SOLAR LLC,9/30/20,E 3911 66TH,1407663000,0,CAMPBELL HEIGHTS BLK   5 LT  39A  G:2035,15468
R20-2777,BldgAlter,ALASKA SOLAR LLC,9/30/20,10540 KASILOF,1513123000,0,KASILOF HILLS BLK   4 LT   9  G:2541,20214
R20-2782,BldgAlter,ALASKA SOLAR LLC,9/30/20,780 HUNT,609133000,0,HUNTWOOD #1 BLK   3 LT  17  G:1339,13410
R20-2793,BldgAlter,ARCTIC SOLAR VENTURES CORPORATION,9/30/20,3433 SEPPALA,122115000,0,TURNAGAIN HOMES BLK   O LT  33  G:1526,18000
R20-2794,BldgAlter,ARCTIC SOLAR VENTURES CORPORATION,9/30/20,E 5086 98TH,1507425000,0,WILLIAMSON #2 BLK   2 LT  26A  G:2437,22000
R20-2796,BldgAlter,ARCTIC SOLAR VENTURES CORPORATION,9/30/20,3821 REFLECTION,709286000,0,REFLECTION LAKE BLK   3 LT  20R  G:1738,18000
R20-2836,BldgAlter,ALASKA SOLAR LLC,9/30/20,8201 CLARK'S,4209139000,0,T12N R2W SEC 31 LT   3 S2  G:3142,79630
R20-2842,BldgAlter,ALASKA SOLAR LLC,10/31/20,6120 ROMANIA,2041402000,0,PARADISE VALLEY BLK   9 LT  14  G:3538,11184
R20-2843,BldgAlter,ALASKA SOLAR LLC,10/31/20,7708 CHAIMI,712736000,0,CHUGACH MOUNTAIN ESTATES BLK   3 LT  10  G:1740,8664
R20-2915,BldgAlter,ARCTIC SOLAR VENTURES CORPORATION,10/31/20,2400 SUSITNA,122322000,0,TURNAGAIN HOMES BLK   R LT  10  G:1526,21000
R20-2943,BldgAlter,ALASKA SOLAR LLC,10/31/20,2900 CHESAPEAKE,1735150000,0,KEMPTON HILLS BLK   1 LT   6  G:2834,12590
R20-3090,BldgAlter,ARCTIC SOLAR VENTURES CORPORATION,11/30/20,5532 YUKON CHARLIE,1131246000,0,WESTPARK ADDN 5 BLK  10 LT   6  G:2223,21000
C20-2180,BldgAlter,ALASKA SOLAR LLC,12/31/20,E 15500 EAGLE RIVER LOOP,6029101000,0,ALASKA ST LAND SURVEY 88-211 LT   1A MUNICIPAL LANDFILL G:0249,177822
R20-3200,BldgAlter,ALASKA SOLAR LLC,12/31/20,E 3306 16TH,413103000,0,THUNDERBIRD TERRACE BLK   1 LT   9  G:1435,11351
R20-3202,BldgAlter,ALASKA SOLAR LLC,12/31/20,17401 SPAIN,2017117000,0,KENO HILLS #1 BLK   4 LT   3  G:3438,12914
R20-3203,BldgAlter,ALASKA SOLAR LLC,12/31/20,1355 WEST RIVER,7803118000,0,SOUTHFORK WEST BLK   4 LT   6  G:1059,26726
R20-3204,BldgAlter,ALASKA SOLAR LLC,12/31/20,3743 COVENTRY,1423334000,0,WINCHESTER HEIGHTS BLK   4 LT  12  G:2235,16986
R20-3205,BldgAlter,ALASKA SOLAR LLC,12/31/20,8816 ACADIA,5092148000,0,EAGLE POINTE PH 7 BLK   2 LT   2  G:0152,19272
C21-1069,BldgAlter,ARCTIC SOLAR VENTURES CORPORATION,1/31/21,4303 FLORINA,802401000,0,ATHENIAN VILLAGE TR   G1  G:1735,84000
R21-1031,BldgAlter,RENEWABLE ENERGY SYSTEMS,1/31/21,2401 CAPTAIN COOK,123527000,0,TURNAGAIN HOMES BLK   E LT  20A  G:1527,10499.99
R21-1032,BldgAlter,RENEWABLE ENERGY SYSTEMS,1/31/21,8051 WILLIWA,704371000,0,PLEASANT VALLEY BLK  12 LT  20  G:1641,19606.149999999998
R21-1033,BldgAlter,RENEWABLE ENERGY SYSTEMS,1/31/21,5052 MILLS,512172000,0,COLLEGEGATE #4 BLK  10 LT  16  G:1637,19606.149999999998
R21-1035,BldgAlter,RENEWABLE ENERGY SYSTEMS,1/31/21,3970 ALITAK BAY,1909132000,0,BAYSHORE WEST #2 BLK   3 LT  13  G:2626,5590
R21-1050,BldgAlter,ALASKA SOLAR LLC,1/31/21,8600 JUPITER,1501223000,0,ZODIAK MANOR ALASKA BLK   5 LT  26  G:2336,15721
R21-1051,BldgAlter,ALASKA SOLAR LLC,1/31/21,2956 GLADYS MARIE,1553412000,0,THE TERRACES PH 3 BLK   4 LT  79  G:2634,18691
R21-1069,BldgAlter,ARCTIC SOLAR VENTURES CORPORATION,1/31/21,3761 CHINIAK BAY,1140109000,0,BAYSHORE WEST #2 BLK   5 LT   8  G:2525,16000
R21-1070,BldgAlter,ARCTIC SOLAR VENTURES CORPORATION,1/31/21,12921 MONTEREY,1735357000,0,KEMPTON HILLS #3 BLK   4 LT  62  G:2834,15000
R21-1071,BldgAlter,ARCTIC SOLAR VENTURES CORPORATION,1/31/21,W 3302 81ST,1225317000,0,SHADY BIRCH BLK   3 LT   4  G:2226,25000
R21-1072,BldgAlter,ARCTIC SOLAR VENTURES CORPORATION,1/31/21,10342 PRINCE WILLIAM,1140281000,0,RESOLUTION POINTE PH 1 BLK  3A LT  17  G:2525,37000
R21-1095,BldgAlter,RENEWABLE ENERGY SYSTEMS,2/28/21,2211 CHANDALAR,635309000,0,CHESTER HEIGHTS BLK   2 LT  38  G:1540,19880
R21-1139,BldgAlter,ARCTIC SOLAR VENTURES CORPORATION,2/28/21,2417 TULIK,122411000,0,SIMONSON ESTATE BLK   A LT   7 PLAT 48-B G:1526,18000
R21-1140,BldgAlter,ARCTIC SOLAR VENTURES CORPORATION,2/28/21,7541 CHAD,1217501000,0,SHERWOOD ACRES BLK   3 LT  14  G:2129,20000
R21-1149,BldgAlter,ALASKA SOLAR LLC,2/28/21,3344 BEAR RIDGE,6762116000,0,BEAR RIDGE LT  10  G:0804,17927
R21-1150,BldgAlter,ALASKA SOLAR LLC,2/28/21,13418 STEPHENSON,1811212000,0,STATE MANOR LT  87  G:2933,10235
R21-1151,BldgAlter,ALASKA SOLAR LLC,2/28/21,W 912 21ST,116330000,0,KAPINGEN LT  19A  G:1529,18415
R21-1152,BldgAlter,ALASKA SOLAR LLC,2/28/21,3608 OREGON,1012426000,0,CONROY RUSHTON BLK   3 LT 5  G:1728,13928
R21-1226,BldgAlter,RENEWABLE ENERGY SYSTEMS,3/31/21,3940 TWILIGHT,1828122000,0,T12N R3W SEC 33 LT 131B  G:3135,23232
R21-1284,BldgAlter,ALASKA SOLAR LLC,4/30/21,2781 SEAFARER,1839166000,0,TURNAGAIN VIEW #6 BLK  12 LT   9  G:2934,14918
R21-1285,BldgAlter,ALASKA SOLAR LLC,4/30/21,8651 SWISS,1425203000,0,SWISS AIRE LT  12  G:2334,21293
R21-1286,BldgAlter,ALASKA SOLAR LLC,4/30/21,601 HILAND,7827103000,0,HUNDRED HILLS 1ST ADDITION BLK   6 LT   2  G:1161,27333
R21-1287,BldgAlter,ALASKA SOLAR LLC,4/30/21,21812 SHEPPARD,5020222000,0,BLUEBERRY HILL BLK   1 LT   4  G:0058,28937
R21-1288,BldgAlter,ALASKA SOLAR LLC,4/30/21,18548 OUTLOOK,5031527000,0,ROSEBERRY PARK ESTATES BLK   1 LT   2  G:0154,35721
R21-1393,BldgAlter,ARCTIC SOLAR VENTURES CORPORATION,4/30/21,3744 KNIK,122545000,0,SIMONSON BLK  16A LT   2  G:1526,21000
R21-1397,BldgAlter,ALASKA SOLAR LLC,4/30/21,247 TANNER,7516331000,0,ALPINE VIEW ESTATES PH 2 BLK   1 LT  26  G:4815,27650
R21-1398,BldgAlter,ALASKA SOLAR LLC,4/30/21,159 CERVIN,7607215000,0,ALYESKA BASIN #5 BLK  20 LT   5  G:4916,16422
R21-1399,BldgAlter,ALASKA SOLAR LLC,4/30/21,10372 RIDGE PARK,1623546000,0,RIDGEMONT BLK   3 LT   9  G:2533,14492
R21-1401,BldgAlter,ALASKA SOLAR LLC,4/30/21,3240 SOUTH,1430291000,0,GRAZELDA BLK   2 LT  23  G:2334,3500
R21-1446,BldgAlter,ARCTIC SOLAR VENTURES CORPORATION,4/30/21,3310 JERDE,702105000,0,JERDE WOOD BLK   1 LT   4  G:1638,21000
R21-1448,BldgAlter,ARCTIC SOLAR VENTURES CORPORATION,4/30/21,2500 LORD BARANOF,123508000,0,TURNAGAIN HOMES BLK   E LT   7  G:1527,28000
R21-1529,BldgAlter,ARCTIC SOLAR VENTURES CORPORATION,5/31/21,3212 TAYSHEE,718110000,0,BARANOF WOODS BLK   3 LT  33A  G:1639,11500
R21-1629,BldgAlter,ALASKA SOLAR LLC,5/31/21,2131 LORD BARANOF,118328000,0,TURNAGAIN HOMES BLK   D LT  45  G:1527,16593
R21-1630,BldgAlter,ALASKA SOLAR LLC,5/31/21,1500 CACHE,919256000,0,WICKERSHAM PARK #5 BLK   6 LT   7  G:1833,15802
R21-1631,BldgAlter,ALASKA SOLAR LLC,5/31/21,7284 TYRE,1142266000,0,MUIRWOOD PARK BLK   3 LT  17  G:2123,21090
R21-1632,BldgAlter,ALASKA SOLAR LLC,5/31/21,E 8100 11TH,612237000,0,MULDOON HEIGHTS BLK   2 LT  12  G:1341,22466
R21-1633,BldgAlter,ALASKA SOLAR LLC,5/31/21,10840 VOSIKOF,1516419000,0,TIMBERLINE LT   9  G:2641,28781
R21-1634,BldgAlter,ALASKA SOLAR LLC,5/31/21,4019 KOGRU,5058120000,0,NORTH SLOPE #2 BLK   5 LT  16  G:0703,15268
R21-1742,BldgAlter,ARCTIC SOLAR VENTURES CORPORATION,5/31/21,7831 CASEY,1416155000,0,BIG FOOT LT   9  G:2235,11000
R21-1743,BldgAlter,ARCTIC SOLAR VENTURES CORPORATION,5/31/21,12421 HACE,1802139000,0,BEACON PARK BLK   2 LT   3  G:2832,21000
R21-1919,BldgAlter,ARCTIC SOLAR VENTURES CORPORATION,6/30/21,611 LORI,611508000,0,KLUANE TERRACE TRAILER EST #4 BLK   3 LT   4  G:1341,34000
R21-1931,BldgAlter,ALASKA SOLAR LLC,6/30/21,16906 OLD GLENN,5126203000,0,T15N R1W SEC 20 LT  28  G:0856,41744
R21-1933,BldgAlter,ALASKA SOLAR LLC,6/30/21,7704 CHAIMI,712735000,0,CHUGACH MOUNTAIN ESTATES BLK 9LT 9  G:1740,21414
R21-2002,BldgAlter,ARCTIC SOLAR VENTURES CORPORATION,6/30/21,6061 BRISTOL,1739145000,0,MOUNTAIN PARK ESTATES BLK   9 LT  11  G:2838,23958
R21-2059,BldgAlter,RENEWABLE ENERGY SYSTEMS,6/30/21,W 2710 34TH,1008212000,NA,0   NEW MCRAE BLK   1 LT   5  G:1627,50572
R21-2073,BldgAlter,RENEWABLE ENERGY SYSTEMS,6/30/21,3860 REFLECTION,709166000,NA,0   REFLECTION LAKE BLK   1 LT  20A  G:1738,20380
R21-2098,BldgAlter,ARCTIC SOLAR VENTURES CORPORATION,6/30/21,1413 ATKINSON,616741000,0,NUNAKA VALLEY BLK   C LT  14  G:1438,17125.9
R21-2110,BldgAlter,ALASKA SOLAR LLC,6/30/21,8677 ESTATES,1424448000,0,SPRUCE RIDGE ESTATES LT   3  G:2335,24533
R21-2111,BldgAlter,ALASKA SOLAR LLC,6/30/21,1070 NORTHPOINTE BLUFF,302123000,0,NORTHPOINTE BLUFF BLK   1 LT   9 NORTHPOINTE BLUFF PLANNED COMM G:1132,29754
R21-2112,BldgAlter,ALASKA SOLAR LLC,6/30/21,2010 BELMONT,117347000,0,HUNTINGTON PARK #5A BLK   8 LT  34  G:1528,17872
R21-2163,BldgAlter,ARCTIC SOLAR VENTURES CORPORATION,7/31/21,4902 DE ARMOUN,1809250000,0,W-A LT   2  G:2936,19600
R21-2187,BldgAlter,RENEWABLE ENERGY SYSTEMS,7/31/21,10650 LONE TREE,1532255000,0,VALLI VUE ESTATES #2 BLK   2 LT   3  G:2538,6414
R21-2240,BldgAlter,ARCTIC SOLAR VENTURES CORPORATION,7/31/21,2850 PELICAN,1238337000,0,CAMPBELL LAKE HEIGHTS #10 BLK   2 LT  21  G:2427,20137
R21-2241,BldgAlter,ALASKA SOLAR LLC,7/31/21,5612 HERITAGE HEIGHTS,1522176000,0,CROSS VIEW ESTATES BLK   2 LT  14  G:2737,25404
C21-1815,BldgAlter,ALASKA SOLAR LLC,8/30/21,1361 HUFFMAN PARK,1619193024,0,LUCKY HUFFMAN BLK 1 LT 3 THE GARAGE AT HUFFMAN G:2732,17136
R21-2439,BldgAlter,MIDNIGHT SUN SOLAR LLC,8/30/21,6101 GROSS,1492232000,0,CHUGACH ESTATES BLK 2 LT 16B G:2034,24527
R21-2492,BldgAlter,ALASKA SOLAR LLC,8/30/21,4700 VIRGO,2009170000,0,MINDYER MANORS BLK 2 LT 3 G:3336,12452
R21-2500,BldgAlter,ARCTIC SOLAR VENTURES CORPORATION,8/30/21,6700 MULBERRY,1206214000,0,WOODLAND LAKES DEV UNIT #1 BLK 3 LT 37 G:2026,22000
R21-2532,BldgAlter,ALASKA SOLAR LLC,8/30/21,915 CLAY,116331000,0,KAPINGEN LT 18A G:1529,19386
R21-2538,BldgAlter,ARCTIC SOLAR VENTURES CORPORATION,8/30/21,E 728 75TH,1304119000,0,HOLLOWBROOK BLK 1 LT 3 G:2131,38000
R21-2768,BldgAlter,ARCTIC SOLAR VENTURES CORPORATION,9/30/21,10487 ELMORE,1511255000,0,MILLPLACE ESTATES LT   2  G:2536,32000
R21-2777,BldgAlter,ALASKA SOLAR LLC,9/30/21,4800 SNOW,631118000,0,PINE VALLEY ESTATES BLK   1 LT   8  G:1537,19192
R21-2778,BldgAlter,ALASKA SOLAR LLC,9/30/21,6060 BRISTOL,1739133000,0,MOUNTAIN PARK ESTATES BLK   8 LT   9  G:2838,18159
R21-2779,BldgAlter,ALASKA SOLAR LLC,9/30/21,W 3301 70TH,1214539000,0,WINDSOR VILLAGE #1 BLK   4 LT  12  G:2126,11500
R21-2781,BldgAlter,ARCTIC SOLAR VENTURES CORPORATION,9/30/21,E 1819 24TH,317214000,0,ROGERS PARK TERRACE BLK   2 LT   5  G:1533,29000
R21-2842,BldgAlter,ARCTIC SOLAR VENTURES CORPORATION,9/30/21,3202 SEAPORT,1917152000,0,DISCOVERY HEIGHTS PHASE 3 BLK   4 LT  17  G:2626,21000
R21-2858,BldgAlter,ALASKA SOLAR LLC,9/30/21,219 BUNN,503145000,0,FAIRVIEW EXTENSION BLK  31 LT   3A  G:1236,14512
R21-2859,BldgAlter,ALASKA SOLAR LLC,9/30/21,1816 WESTVIEW,620262000,0,THE FOOTHILLS BLK   7 LT  33  G:1441,29000
R21-2863,BldgAlter,ALASKA SOLAR LLC,9/30/21,2060 SARATOGA,124320000,0,HUNTINGTON PARK #1 BLK   2 LT  17  G:1528,21242
R21-2936,BldgAlter,ARCTIC SOLAR VENTURES CORPORATION,10/31/21,3355 DICKSON,705527000,0,CLYDE M DICKSON BLK   1 LT  12  G:1640,32000
R21-3025,BldgAlter,ARCTIC SOLAR VENTURES CORPORATION,10/31/21,E 3613 17TH,413506000,0,THUNDERBIRD TERRACE BLK  11 LT  15  G:1435,15200
R21-3092,BldgAlter,ALASKA SOLAR LLC,11/30/21,1119 G,214448000,0,SOUTH ADDITION BLK  22A LT  10  G:1330,14928
R21-3136,BldgAlter,RENEWABLE ENERGY SYSTEMS,12/31/21,W 3231 80TH,1224141000,0,SHADY BIRCH #1 LT  11  G:2226,12177
R21-3137,BldgAlter,RENEWABLE ENERGY SYSTEMS,12/31/21,9010 SAHALEE,1504411000,0,SAHALEE BLK   1 LT  22  G:2336,21193
R22-1017,BldgAlter,MIDNIGHT SUN SOLAR LLC,1/31/22,1621 WICKERSHAM,919239000,0,WICKERSHAM PARK #1 BLK   8 LT  26  G:1833,18972
C22-1273,BldgAlter,ALASKA SOLAR LLC,3/31/22,W 1049 NORTHERN LIGHTS,125179000,0,SUNBEAM BLK   3 LT  12  G:1529,48245
R22-1188,BldgAlter,ALASKA SOLAR LLC,3/31/22,10475 BLACKWOLF,4103330000,0,END OF THE ROAD LT  2A  G:2143,29712
R22-1193,BldgAlter,ALASKA SOLAR LLC,3/31/22,6816 DOUBLE TREE,1531118000,0,VALLI VUE ESTATES #1 BLK   1 LT  17  G:2539,9393
R22-1194,BldgAlter,ALASKA SOLAR LLC,3/31/22,1207 G,214453000,0,12TH AVENUE LT   1  G:1330,12338
R22-1196,BldgAlter,ALASKA SOLAR LLC,3/31/22,2822 ALDER,415422000,0,ANCHOR PARK BLK   7 LT  47  G:1534,10000
R22-1197,BldgAlter,ALASKA SOLAR LLC,3/31/22,1601 BETULA,1628638000,0,CEDAR HOLLOW BLK   2 LT  34  G:2532,18495
R22-1198,BldgAlter,ALASKA SOLAR LLC,3/31/22,1820 WESTVIEW,620263000,0,THE FOOTHILLS BLK   7 LT  34  G:1441,9608
R22-1200,BldgAlter,ALASKA SOLAR LLC,3/31/22,10960 VOSIKOF,1516412000,0,TIMBERLINE LT  11  G:2641,31857
R22-1201,BldgAlter,ALASKA SOLAR LLC,3/31/22,11302 TOTEM,1514308000,0,DAVID RING LT   2A  G:2637,7983
R22-1202,BldgAlter,ALASKA SOLAR LLC,3/31/22,8150 GRAYHAWK,1423538000,0,GRAY HAWK LT  16  G:2235,10445
R22-1203,BldgAlter,ALASKA SOLAR LLC,3/31/22,8291 OPAL,1226434000,0,DIMOND BIRCH #2 BLK   2 LT   3  G:2227,16870
R22-1204,BldgAlter,ALASKA SOLAR LLC,3/31/22,1552 PRIMROSE,412150000,0,GRANDVIEW GARDENS BLK  14 LT  15  G:1435,10030
R22-1205,BldgAlter,ALASKA SOLAR LLC,3/31/22,1541 I,109154000,0,WELCH'S BLK 42A LT  8A  G:1429,24173
R22-1313,BldgAlter,ALASKA SOLAR LLC,4/30/22,5063 HERITAGE HEIGHTS,1522146000,0,CROSS VIEW ESTATES BLK   1 LT   3  G:2737,46938
R22-1404,BldgAlter,ALASKA SOLAR LLC,4/30/22,3540 WINGATE,323166000,0,COLLEGE VILLAGE #13 BLK  31 LT  11  G:1632,16448
R22-1405,BldgAlter,ALASKA SOLAR LLC,4/30/22,5100 REBANO,1738128000,0,CONTOUR ACRES #4 TR   A-1  G:2837,76628
R22-1406,BldgAlter,ALASKA SOLAR LLC,4/30/22,3657 EASTWIND,1841158000,0,TURNAGAIN VIEW ESTATES PH 4 BLK   6 LT  14  G:2935,18868
R22-1408,BldgAlter,ARCTIC SOLAR VENTURES CORPORATION,4/30/22,13115 GULF,1806131000,0,OCEANVIEW #1 BLK   8 LT  18  G:2831,28000
R22-1434,BldgAlter,ARCTIC SOLAR VENTURES CORPORATION,4/30/22,W 5031 80TH,1111130000,0,SAND LAKE #1 LT   2A  G:2224,2400
R22-1544,BldgAlter,ARCTIC SOLAR VENTURES CORPORATION,5/31/22,3967 EASTER ISLAND,1141281000,0,RESOLUTION POINTE PH 3 BLK  1A LT  13  G:2525,26000
R22-1548,BldgAlter,ARCTIC SOLAR VENTURES CORPORATION,5/31/22,E 1726 58TH,927504000,0,IGLOO ESTATES BLK   3 LT  13  G:1933,26000
R22-1549,BldgAlter,ARCTIC SOLAR VENTURES CORPORATION,5/31/22,12914 ALGARIN,1702388000,0,GREENBROOK BLK   2 LT  21C  G:2839,16000
R22-1573,BldgAlter,ARCTIC SOLAR VENTURES CORPORATION,5/31/22,5270 HERITAGE HEIGHTS,1530168000,0,CROSS VIEW ESTATES BLK   2 LT  22  G:2737,32000
R22-1574,BldgAlter,ALASKA SOLAR LLC,5/31/22,2164 ALDER,415413000,0,ANCHOR PARK BLK   7 LT  38 P-254 G:1534,13520
R22-1575,BldgAlter,ALASKA SOLAR LLC,5/31/22,12550 TANADA,1802532000,0,TANAGA TERRACE BLK   2 LT   4  G:2832,21460
R22-1576,BldgAlter,ALASKA SOLAR LLC,5/31/22,5800 BULGARIA,2041428000,0,PARADISE VALLEY BLK  10 LT   1  G:3538,15520
R22-1577,BldgAlter,ALASKA SOLAR LLC,5/31/22,8739 EMERALD,1115224000,0,JEWEL LAKE HEIGHTS #1 LT  36B  G:2325,34082
R22-1578,BldgAlter,ALASKA SOLAR LLC,5/31/22,6951 VIBURNUM,1411426000,0,JOHNSON-YOUNG #1 BLK   2 LT  16  G:2132,13720
R22-1579,BldgAlter,ALASKA SOLAR LLC,5/31/22,8230 STRATTON,1422342000,0,SIDE BY SIDE LT   9A  G:2234,22466
R22-1580,BldgAlter,ALASKA SOLAR LLC,5/31/22,4040 JUSTIN,1431193000,0,JENNIFER PARK LT   5  G:2335,10940
R22-1581,BldgAlter,ALASKA SOLAR LLC,5/31/22,8820 SPENDLOVE,1740153000,0,SPENDLOVE VIEW HEIGHTS #3 BLK   5 LT   2  G:2841,19555
R22-1617,BldgAlter,ARCTIC SOLAR VENTURES CORPORATION,5/31/22,9620 ARLENE,1241232000,0,CAMPBELL LAKE HEIGHTS #10 BLK   2 LT  11  G:2427,25000
R22-1618,BldgAlter,ARCTIC SOLAR VENTURES CORPORATION,5/31/22,3208 WOODLAND PARK,1009105000,0,WOODLAND PARK LT   5G  G:1628,22000
R22-1709,BldgAlter,ARCTIC SOLAR VENTURES CORPORATION,5/31/22,5807 PERRY,616335000,0,NUNAKA VALLEY BLK   Q LT  16  G:1438,13000
R22-1711,BldgAlter,ARCTIC SOLAR VENTURES CORPORATION,5/31/22,3259 AQUARIUS,1007114000,0,COLUMBIA PARK #5 BLK   2 LT  13  G:1626,12000
R22-1712,BldgAlter,ARCTIC SOLAR VENTURES CORPORATION,5/31/22,8901 TRAIL,1519226000,0,TRAILS END BLK   5 LT   5  G:2641,32000
R22-1719,BldgAlter,ALASKA SOLAR LLC,5/31/22,4030 COSMOS,1006315000,0,SATELLITE PARK #1 BLK   1 LT   8A  G:1625,19564
R22-1721,BldgAlter,ALASKA SOLAR LLC,5/31/22,3230 ROSELLA,718227000,0,BAXTER HEIGHTS BLK   4 LT   7  G:1639,19186
R22-1722,BldgAlter,ALASKA SOLAR LLC,5/31/22,4801 SNOW,631117000,0,PINE VALLEY ESTATES BLK   1 LT   7  G:1537,19682
R22-1723,BldgAlter,ALASKA SOLAR LLC,5/31/22,2524 BROOK HILL,1617336000,0,BROOKWOOD HILLS NORTH LT  36  G:2733,15007
R22-1724,BldgAlter,ALASKA SOLAR LLC,5/31/22,3021 BRANDYWINE,1216222000,0,VILLAGE GREEN #3 BLK   3 LT   3  G:2127,20460
R22-1727,BldgAlter,ALASKA SOLAR LLC,5/31/22,2072 STANFORD,321634000,0,COLLEGE VILLAGE # 2 BLK  13 LT  11  G:1633,25708
R22-1728,BldgAlter,ALASKA SOLAR LLC,5/31/22,8101 WHITE,1509342000,0,CONIFER HEIGHTS BLK   1 LT   6  G:2440,37395
R22-1787,BldgAlter,RENEWABLE ENERGY SYSTEMS,5/31/22,W 1331 80TH,1220447000,0,SHERWOOD ACRES #1 BLK   2 LT  24  G:2229,12800
R22-1837,BldgAlter,RENEWABLE ENERGY SYSTEMS,6/30/22,1761 WESTVIEW,620265000,0,THE FOOTHILLS BLK   7 LT 36  G:1441,26159
R22-1838,BldgAlter,RENEWABLE ENERGY SYSTEMS,6/30/22,W 3420 30TH,1004306000,0,TURNAGAIN SOUTH BLK   6 LT  6  G:1626,16176
R22-1839,BldgAlter,RENEWABLE ENERGY SYSTEMS,6/30/22,3406 GREENLAND,1009744000,0,WOODLAND PARK #2 BLK   7 LT  9  G:1628,23366
R22-1859,BldgAlter,ALASKA SOLAR LLC,6/30/22,10720 SCHUSS,1513483000,0,PROSPECT HEIGHTS #2 BLK   7 LT  5  G:2540,30962
R22-1860,BldgAlter,ALASKA SOLAR LLC,6/30/22,811 HOWARD,609732000,0,HUNTWOOD PARK #2 BLK   2 LT 32  G:1339,18656
R22-1861,BldgAlter,ALASKA SOLAR LLC,6/30/22,10440 PRINCE WILLIAM,1140286000,0,RESOLUTIONPOINTE PH 1 BLK  3A LT 22  G:2525,19048
R22-1862,BldgAlter,ALASKA SOLAR LLC,6/30/22,2530 BANBURY,638333000,0,FOXHALL #4 BLK   4 LT 34  G:1539,15112
R22-1863,BldgAlter,ALASKA SOLAR LLC,6/30/22,6730 REEDYKE,1406313000,0,O'BRIEN ACRES LT  13  G:2034,7562
R22-1864,BldgAlter,ALASKA SOLAR LLC,6/30/22,911 R,107219000,0,L STREET SLIDE REPLAT PHASE 2 BLK  13A LT2A  G:1328,14757
R22-1865,BldgAlter,ALASKA SOLAR LLC,6/30/22,2020 SHORE,1910159000,0,SHORE CREST BLK   3 LT  7  G:2728,16856
R22-1867,BldgAlter,ALASKA SOLAR LLC,6/30/22,W 517 15TH,215511000,0,SOUTH ADDITION BLK  38C LT  10  G:1430,12648
R22-1868,BldgAlter,ALASKA SOLAR LLC,6/30/22,7705 PORT ORFORD,1509353000,0,CONIFER HEIGHTS BLK   1 LT 23  G:2440,20713
R22-1869,BldgAlter,ALASKA SOLAR LLC,6/30/22,8540 CORMORANT COVE,1501618000,0,SAHALEE PHASE 3 BLK   2 LT 50  G:2336,13656
R22-1870,BldgAlter,ALASKA SOLAR LLC,6/30/22,9650 BRIEN,1506118000,0,CRESTWOOD LT  16  G:2438,21830
R22-1871,BldgAlter,ALASKA SOLAR LLC,6/30/22,11139 BULWARK,1916315000,0,LOOKOUT LANDING PHASE 3 BLK   2 LT 31  G:2627,15832
R22-1969,BldgAlter,ARCTIC SOLAR VENTURES CORPORATION,6/30/22,7310 SETTER,1107369000,0,SPORTSMENSPOINT #3 BLK   4 LT 24A  G:2124,23000
R22-1970,BldgAlter,ARCTIC SOLAR VENTURES CORPORATION,6/30/22,10613 BRIGANTINE,1254366000,0,MARINER POINT AT SOUTHPORT PH3 BLK   1 LT 13  G:2527,23000
R22-1971,BldgAlter,ARCTIC SOLAR VENTURES CORPORATION,6/30/22,3640 DORA,1833208000,0,T12N R3W SEC 33 LT 226  G:3135,26000
R22-2009,BldgAlter,RENEWABLE ENERGY SYSTEMS,6/30/22,4808 BUCKINGHAM,1033434000,0,WINDEMERE BLK   4 LT  3  G:1829,17000
R22-2010,BldgAlter,RENEWABLE ENERGY SYSTEMS,6/30/22,14495 OLD SEWARD,1824127000,0,TURNAGAIN PARK #2 BLK   2 LT  2  G:3033,45869
R22-2025,BldgAlter,ALASKA SOLAR LLC,6/30/22,1801 SUNRISE,414110000,0,SAXTON BLK   8 LT 12  G:1434,11470
C22-1762,BldgAlter,ALASKA SOLAR LLC,7/31/22,6407 ARCTIC SPUR,1202140000,0,ARCTIC INDUSTRIAL #2 BLK   1 LTS  3 & 4  G:2029,18200
R22-2057,BldgAlter,RENEWABLE ENERGY SYSTEMS,7/31/22,6672 O'BRIEN,1405413000,0,GALATEA ESTATES BLK   8 LT 10  G:2033,12325
R22-2058,BldgAlter,RENEWABLE ENERGY SYSTEMS,7/31/22,6670 O'BRIEN,1405413000,0,GALATEA ESTATES BLK   8 LT 10  G:2033,12325
R22-2059,BldgAlter,ARCTIC SOLAR VENTURES CORPORATION,7/31/22,3148 DISCOVERY BAY,1917114000,0,DISCOVERY HEIGHTS PHASE 2 BLK   3 LT  2  G:2626,32168
R22-2081,BldgAlter,ARCTIC SOLAR VENTURES CORPORATION,7/31/22,2555 MARITIME,1253330000,0,HIDDEN COVE PH 3 LT  30  G:2527,19425
R22-2120,BldgAlter,ALASKA SOLAR LLC,7/31/22,9110 TERI,4103154000,0,KNOLL ON THE WOLD BLK   1 LT  3  G:2142,13905
R22-2121,BldgAlter,ALASKA SOLAR LLC,7/31/22,11361 MAEL,1549104000,0,T12N R3W SEC 23 S2NE4SE4NW4 PARCEL 25A G:2638,20713
R22-2122,BldgAlter,ALASKA SOLAR LLC,7/31/22,9571 MIDDEN,4103112000,0,TAIGA LT   3  G:2143,17428
R22-2123,BldgAlter,ALASKA SOLAR LLC,7/31/22,3431 COTTONWOOD,323160000,0,COLLEGE VILLAGE #13 BLK  31 LT 17  G:1632,15336
R22-2124,BldgAlter,ALASKA SOLAR LLC,7/31/22,9300 NORDIC,1509340000,0,CONIFER HEIGHTS BLK   1 LT  2  G:2440,27204
R22-2125,BldgAlter,ALASKA SOLAR LLC,7/31/22,W 1641 14TH,110227000,0,SOUTH ADDITION BLK  33A LT7C  G:1428,24509
R22-2126,BldgAlter,ALASKA SOLAR LLC,7/31/22,11840 WOODBOURNE,1535114000,0,WOODBOURNE BLK   1 LT  8  G:2741,23392
R22-2127,BldgAlter,ALASKA SOLAR LLC,7/31/22,2143 CHURCHILL,124335000,0,HUNTINGTONPARK #1 BLK   2 LT 10B  G:1528,18456
R22-2128,BldgAlter,ALASKA SOLAR LLC,7/31/22,1152 NORTHPOINTE BLUFF,302130000,0,NORTHPOINTE BLUFF BLK   1 LT 16 NORTHPOINTE BLUFF PLANNED COMM G:1132,32235
R22-2129,BldgAlter,ALASKA SOLAR LLC,7/31/22,13700 JARVI,1815109000,0,SUNSET MANOR #2 BLK   6 LT  4  G:2932,10316
R22-2130,BldgAlter,ALASKA SOLAR LLC,7/31/22,6900 CRAWFORD,1108408000,0,TERRACE ONTHE LAKE BLK   4 LT  5  G:2125,29605
R22-2131,BldgAlter,ALASKA SOLAR LLC,7/31/22,6500 DOWNEY FINCH,1523451000,0,ALPINE WOODS BLK   6 LT 10  G:2738,38662
R22-2156,BldgAlter,RENEWABLE ENERGY SYSTEMS,7/31/22,3409 WYOMING,1009706000,0,WOODLAND PARK #2 BLK   7 LT 25  G:1628,23366
R22-2157,BldgAlter,RENEWABLE ENERGY SYSTEMS,7/31/22,2943 CAPTAIN COOK ESTATES,1002253000,0,CAPTAIN COOK ESTATES LT  12  G:1628,31877
R22-2198,BldgAlter,ARCTIC SOLAR VENTURES CORPORATION,7/31/22,15741 STANWOOD,2050229000,0,SOUTHPARK #2 BLK   3 LT 31  G:3236,27000
R22-2199,BldgAlter,ARCTIC SOLAR VENTURES CORPORATION,7/31/22,2620 PORTER,416333000,0,ANCHOR PARK BLK   3 LT  7  G:1534,25000
R22-2244,BldgAlter,ALASKA SOLAR LLC,7/31/22,12931 MICHAEL,1740109000,0,MOUNTAIN SHADOWS BLK   1 LT  9  G:2841,11140
R22-2246,BldgAlter,ALASKA SOLAR LLC,7/31/22,2201 FOREST PARK,117507000,0,PARK LANE LT   4  G:1528,8059
R22-2247,BldgAlter,ALASKA SOLAR LLC,7/31/22,5654 YUKON CHARLIE,1131256000,0,WESTPARK ADDN 5 BLK  10 LT 16  G:2223,10707
R22-2248,BldgAlter,ALASKA SOLAR LLC,7/31/22,6201 BUBBLING BROOK,1549205000,0,SHADOWBROOK LT   4  G:2638,15268
R22-2249,BldgAlter,ALASKA SOLAR LLC,7/31/22,7100 MONTAGNE,4103139000,0,ATELIER #1 BLK   3 LT  3  G:2142,16276
R22-2334,BldgAlter,ARCTIC SOLAR VENTURES CORPORATION,8/31/22,12930 LINDSEY,1735285000,0,KEMPTON PARK BLK   1 LT  8  G:2834,24975
R22-2357,BldgAlter,ARCTIC SOLAR VENTURES CORPORATION,8/31/22,W 720 19TH,218403000,0,CENTER BLK   3 LT  6  G:1430,22584
R22-2378,BldgAlter,RENEWABLE ENERGY SYSTEMS,8/31/22,9000 SAHALEE,1504410000,0,SAHALEE BLK   1 LT 21  G:2336,17503
R22-2379,BldgAlter,RENEWABLE ENERGY SYSTEMS,8/31/22,5412 SKYLARK,1111295000,0,M-W BLK   2 LT  2A  G:2224,29489
R22-2398,BldgAlter,RENEWABLE ENERGY SYSTEMS,8/31/22,4715 BLUE HERON,1504458000,0,SAHALEE PH4 BLK   1 LT 29  G:2336,58960
R22-2412,BldgAlter,ARCTIC SOLAR VENTURES CORPORATION,8/31/22,W 3224 29TH,1004209000,0,TURNAGAIN SOUTH BLK   2 LT  6  G:1626,15872
R22-2457,BldgAlter,ARCTIC SOLAR VENTURES CORPORATION,8/31/22,6242 GREEN TREE,1534153000,0,VALLI VUE ESTATES #2 BLK   4 LT 10  G:2538,26000
R22-2463,BldgAlter,RENEWABLE ENERGY SYSTEMS,8/31/22,7900 DOWNHILL,1509213000,0,PROSPECT HEIGHTS #1 BLK   6 LT  3  G:2440,25369
R22-2465,BldgAlter,ARCTIC SOLAR VENTURES CORPORATION,8/31/22,3106 PLEASANT,1225109000,0,SHADY BIRCH BLK   2 LT  1A  G:2226,23000
R22-2533,BldgAlter,RENEWABLE ENERGY SYSTEMS,9/30/22,E 3255 150TH,1829212000,0,T12N R3W SEC 33 LT 152  G:3134,41062
R22-2534,BldgAlter,RENEWABLE ENERGY SYSTEMS,9/30/22,3734 MOUNT BLANC,324517000,0,GENEVA WOODS BLK   2 LT 10  G:1732,27291
R22-2537,BldgAlter,ARCTIC SOLAR VENTURES CORPORATION,9/30/22,8430 BARNETT,1221378000,0,CASCADE HEIGHTS LT   6  G:2229,17000
R22-2538,BldgAlter,ARCTIC SOLAR VENTURES CORPORATION,9/30/22,7631 GRIFFITH,1509259000,0,PANORAMA TERRACE BLK   2 LT  9  G:2440,6000
R22-2565,BldgAlter,RENEWABLE ENERGY SYSTEMS,9/30/22,1305 ATKINSON,616748000,0,NUNAKA VALLEY BLK   C LT  7  G:1438,15527
R22-2593,BldgAlter,ARCTIC SOLAR VENTURES CORPORATION,9/30/22,5085 HERITAGE HEIGHTS,1522147000,0,CROSS VIEWESTATES BLK   1 LT  4  G:2737,54000
R22-2595,BldgAlter,ARCTIC SOLAR VENTURES CORPORATION,9/30/22,1982 BRANDILYN,1617404000,0,BROOKWOOD NORTH BLK   1 LT  7  G:2733,32500
R22-2597,BldgAlter,RENEWABLE ENERGY SYSTEMS,9/30/22,4699 BLUE HERON,1504459000,0,SAHALEE PH4 BLK   1 LT 30  G:2336,25511
R22-2667,BldgAlter,ALASKA SOLAR LLC,9/30/22,5810 MILEY,616325000,0,NUNAKA VALLEY BLK   Q LT  6  G:1438,13792
R22-2668,BldgAlter,ALASKA SOLAR LLC,9/30/22,8001 WHITE,1509343000,0,CONIFER HEIGHTS BLK   1 LT  7  G:2440,26280
R22-2669,BldgAlter,ALASKA SOLAR LLC,9/30/22,14100 JARVI,1820430000,0,SUNSET HILLS WEST BLK   3 LT 17B  G:3032,15340
R22-2670,BldgAlter,ALASKA SOLAR LLC,9/30/22,6140 AZALEA,1712140000,0,SEA TURN BLK   2 LT 16  G:3138,11204
R22-2671,BldgAlter,ALASKA SOLAR LLC,9/30/22,4125 PTARMIGAN TERRACE,1833214000,0,T12N R3W SEC 33 LT 251  G:3135,34960
R22-2672,BldgAlter,ALASKA SOLAR LLC,9/30/22,W 1112 15TH,109410000,0,SOUTH ADDITION BLK  44B LT4  G:1429,21064
R22-2708,BldgAlter,ARCTIC SOLAR VENTURES CORPORATION,10/31/22,2925 KIMBERLIE,803146000,0,PAUL W SMITH LT   3  G:1734,32968
R22-2717,BldgAlter,RENEWABLE ENERGY SYSTEMS,10/31/22,5834 SAPPHIRE,624502088,0,SUMMER STONE LOT 1 SUMMER STONE TOWNHOMES G:1538,18759.02
R22-2743,BldgAlter,ARCTIC SOLAR VENTURES CORPORATION,10/31/22,11650 SUNCREST,1911355000,0,SUNCREST #1 LT  10  G:2728,21000
R22-2750,BldgAlter,RENEWABLE ENERGY SYSTEMS,10/31/22,8206 SKYHILLS,1112218000,0,SKYHILLS PH 1 BLK   1 LT  7  G:2222,26607
R22-2757,BldgAlter,ARCTIC SOLAR VENTURES CORPORATION,10/31/22,1830 EVANGELINE,113119022,0,ATWOOD ESTATES TR   A-1 ATWOOD ESTATES G:1427,27000
C22-2181,BldgAlter,ARCTIC SOLAR VENTURES CORPORATION,12/31/22,E 2000 DOWLING,1402113007,NA,DOWLING LT  45 2000 DOWLING PLAZA G:2033,35000
C23-1008,BldgAlter,ARCTIC SOLAR VENTURES CORPORATION,1/31/23,3510 SPENARD,1010345000,NA,SPENARDIA LT   2  G:1629,91800
R23-1103,BldgAlter,RENEWABLE ENERGY SYSTEMS,2/28/23,1830 REBEL RIDGE,620408000,1,FOOTHILLS EAST BLK   1 LT  8  G:1441,16800
R23-1104,BldgAlter,RENEWABLE ENERGY SYSTEMS,2/28/23,6831 JOSEPH,1211230000,1,BARNAN #2 BLK   1 LT 27  G:2129,25185
R23-1142,BldgAlter,ALASKA SOLAR LLC,2/28/23,3918 WESLEYAN,515213000,1,CASTLE HEIGHTS BLK   1 LT 13  G:1737,16320
R23-1143,BldgAlter,ALASKA SOLAR LLC,2/28/23,16920 TIDEVIEW,2009148000,1,THE VILLAGES TIDE VIEW LT   4  G:3336,20276
R23-1144,BldgAlter,ALASKA SOLAR LLC,2/28/23,8650 BARNEY,1425253000,1,YOUNG MEADOWS LT   7  G:2334,15511
R23-1145,BldgAlter,ALASKA SOLAR LLC,2/28/23,7020 FOOTHILL,622318000,1,INDIAN HILLS #3 BLK   5 LT 31  G:1439,14247
R23-1146,BldgAlter,ALASKA SOLAR LLC,2/28/23,7841 PORT ORFORD,1509326000,1,CONIFER HEIGHTS BLK   2 LT 11  G:2440,27610
R23-1147,BldgAlter,ALASKA SOLAR LLC,2/28/23,15000 EVERGREEN RIDGE,1711280000,1,FOREST RIDGE BLK   1 LT  7  G:3137,37459
R23-1150,BldgAlter,ALASKA SOLAR LLC,2/28/23,8673 DRY CREEK,1129158083,1,SONOMA GLEN AT WESTPARK TR   1F SONOMA GLEN PH 32 G:2323,19962
R23-1151,BldgAlter,ALASKA SOLAR LLC,2/28/23,11641 WAGNER,1528232000,1,THOMAS L BOYLE BLK   1 LT  1B  G:2734,33908
R23-1152,BldgAlter,ALASKA SOLAR LLC,2/28/23,1946 COMMODORE,1606433000,1,COMMODORE PARK BLK   4 LT 22A-1  G:2533,22810
R23-1153,BldgAlter,ALASKA SOLAR LLC,2/28/23,9071 CATHEDRAL,1431175000,1,SOUTH MOUNTAIN MEADOWS #1 BLK   5 LT  3  G:2335,22810
R23-1272,BldgAlter,ALASKA SOLAR LLC,3/31/23,E 5531 112TH,1552125000,1,T12N R3W SEC 22 LT  30  G:2637,24709
R23-1273,BldgAlter,ALASKA SOLAR LLC,3/31/23,E 232 10TH,213614000,1,THIRD ADDITION BLK  13 LT  3  G:1331,17146
R23-1274,BldgAlter,ALASKA SOLAR LLC,3/31/23,4110 TAZLINA,121224000,1,TAZLINA BLK   2 LT  3  G:1525,22780
R23-1275,BldgAlter,ALASKA SOLAR LLC,3/31/23,11090 HIDEAWAY LAKE,1547124000,1,HIDEAWAY LAKE BLK   1 LT  7A  G:2640,25268
R23-1276,BldgAlter,ALASKA SOLAR LLC,3/31/23,W 1351 25TH,125512000,1,CLAYTON BLK   1 LT 12A  G:1529,13218
R23-1278,BldgAlter,ALASKA SOLAR LLC,3/31/23,2317 TURNAGAIN,118427000,1,TURNAGAIN HOMES BLK   L LT 27  G:1527,28336
R23-1279,BldgAlter,ALASKA SOLAR LLC,3/31/23,14530 ECHO CANYON,4208127000,1,BEEDE BLK   1 LT  9  G:3043,26439
R23-1438,BldgAlter,ARCTIC SOLAR VENTURES CORPORATION,4/30/23,E 4041 66TH,1407654000,1,CAMPBELL HEIGHTS BLK   5 LT 30A  G:2035,18000
R23-1439,BldgAlter,ALASKA SOLAR LLC,4/30/23,1902 ALEUTIAN,414438000,1,CITY VIEW #2 BLK   4 LT 26  G:1434,22383
R23-1557,BldgAlter,ARCTIC SOLAR VENTURES CORPORATION,5/31/23,5558 YUKON CHARLIE,1131249000,1,WESTPARK ADDN 5 BLK  10 LT  9  G:2223,29125
R23-1623,BldgAlter,RENEWABLE ENERGY SYSTEMS,5/31/23,2321 YORKTOWN,1623459000,1,INDEPENDENCE PARK BLK   6 LT 24  G:2533,19200
R23-1624,BldgAlter,RENEWABLE ENERGY SYSTEMS,5/31/23,13905 MULLIGAN,1809241000,1,T12N R3W SEC 27 LT  61B  G:2936,29757
R23-1699,BldgAlter,ALASKA SOLAR LLC,5/31/23,6700 FERNHILL,1709131000,1,PRATOR BLK   8 LT  4  G:3039,10551
R23-1701,BldgAlter,ALASKA SOLAR LLC,5/31/23,4140 VISCOUNT,1114216000,1,BRENTWOOD VILLAGE LT  24  G:2225,26510
R23-1702,BldgAlter,ALASKA SOLAR LLC,5/31/23,1503 KEPNER,616709000,1,NUNAKA VALLEY BLK   B LT 37  G:1438,13664
R23-1703,BldgAlter,ALASKA SOLAR LLC,5/31/23,8021 RESURRECTION,723171000,1,CHUGACH FOOTHILLS BLK   2 LT 21  G:1741,14168
R23-1704,BldgAlter,ALASKA SOLAR LLC,5/31/23,19850 VILLAGES SCENIC,2031121000,1,"T11N R3W SEC 14 & 15 BOUND ON N. BY THE VILLAGES TR 18
AND THE S. BY TR 20 G:3738",25918
R23-1705,BldgAlter,ALASKA SOLAR LLC,5/31/23,E 3124 16TH,413193000,1,THUNDERBIRD TERRACE #1 BLK   1 LT  3  G:1435,23959
R23-1706,BldgAlter,ALASKA SOLAR LLC,5/31/23,1414 GARDEN,411322000,1,SAXTON BLK   2 LT 11  G:1434,16181
R23-1751,BldgAlter,ARCTIC SOLAR VENTURES CORPORATION,5/31/23,3850 BOEK,1416140000,1,BOEKS LT   6  G:2235,22644
R23-1752,BldgAlter,ARCTIC SOLAR VENTURES CORPORATION,5/31/23,7701 BERRY,1223223000,1,OLYMPIC HEIGHTS LT   1D  G:2227,18751
R23-1753,BldgAlter,ARCTIC SOLAR VENTURES CORPORATION,5/31/23,11101 WILDWOOD,1515127000,1,SOUTH LAKEWOOD HILLS #1 BLK   6 LT  5  G:2638,28627
R23-1814,BldgAlter,LONG SPRING SOLAR LLC,6/30/23,5300 DE ARMOUN,1734127000,1,HOKAMA HEIGHTS #1 LT   5  G:2937,25455
R23-1866,BldgAlter,ARCTIC SOLAR VENTURES CORPORATION,6/30/23,7501 BEACON HILL,1509258000,1,BEACON HILL ESTATES LT   6  G:2440,26606
R23-1867,BldgAlter,ARCTIC SOLAR VENTURES CORPORATION,6/30/23,7777 OLD HILLSIDE,1707210000,1,SOUTH HILLS BLK   4 LT  1  G:2940,38982
R23-1931,BldgAlter,ALASKA SOLAR LLC,6/30/23,1801 TALKEETNA,414556000,1,CITY VIEW #2 BLK   2 LT  8  G:1434,15709
R23-1932,BldgAlter,ALASKA SOLAR LLC,6/30/23,6525 MICHIGAN,1515112000,1,SOUTH LAKEWOOD HILLS #1 BLK   1 LT 12  G:2638,18732
R23-1933,BldgAlter,ALASKA SOLAR LLC,6/30/23,W 1002 15TH,109312000,1,MARTIN ANDWELCH (SOUTH ADD) BLK  43A LT1  G:1429,15441
R23-1934,BldgAlter,ALASKA SOLAR LLC,6/30/23,1437 BIRCHWOOD,411325000,1,SAXTON BLK   2 LT  8  G:1434,10602
R23-1935,BldgAlter,ALASKA SOLAR LLC,6/30/23,2662 LOVEJOY,416406000,1,ANCHOR PARK BLK   4 LT  6  G:1534,8250
R23-1936,BldgAlter,ALASKA SOLAR LLC,6/30/23,W 3442 82ND,1225231000,1,MCWILLIAMS BLK   1A LT8  G:2226,12808
R23-1937,BldgAlter,ALASKA SOLAR LLC,6/30/23,2739 INGRA,319714000,1,LAMPERT #2 BLK   A LT 11  G:1532,19461
R23-1995,BldgAlter,ALASKA SOLAR LLC,6/30/23,1825 ALDER,414224000,1,SAXTON BLK   7 LT  3  G:1434,9109
R23-1996,BldgAlter,ALASKA SOLAR LLC,6/30/23,E 5200 98TH,1507314000,1,WILLIAMSON BLK   2 LT 11  G:2437,9109
R23-2304,BldgAlter,ALASKA SOLAR LLC,8/31/23,2622 LOVEJOY,416402000,1,ANCHOR PARK BLK   4 LT  2  G:1534,4500
R23-2333,BldgAlter,ARCTIC SOLAR VENTURES CORPORATION,8/31/23,4841 RIDGE TOP,631182000,1,PINE RIDGE LT   2  G:1537,22000
R23-2386,BldgAlter,ALASKA SOLAR LLC,8/31/23,7733 REGAL MOUNTAIN,712688000,1,CHUGACH MOUNTAIN ESTATES BLK   1 LT 32  G:1740,14961
R23-2387,BldgAlter,ALASKA SOLAR LLC,8/31/23,4601 MARS,1504235000,1,ZODIAK MANOR ALASKA BLK   7 LT 12  G:2336,21155
R23-2388,BldgAlter,ALASKA SOLAR LLC,8/31/23,W 2705 32ND,1003636000,1,WOODLAND PARK LT  14U & LT 15U W2  G:1627,13642
R23-2389,BldgAlter,ALASKA SOLAR LLC,8/31/23,5915 MUIRWOOD,1142315000,1,MUIRWOOD PARK BLK   2 LT 10  G:2123,16264
R23-2470,BldgAlter,ALASKA SOLAR LLC,8/31/23,16300 SANDPIPER,2004280000,1,PTARMIGAN ROOST BLK   2 LT 12  G:3238,30559
R23-2471,BldgAlter,ALASKA SOLAR LLC,8/31/23,E 2801 16TH,411201000,1,SAXTON BLK  10 LT  8  G:1434,23959
R23-2472,BldgAlter,ALASKA SOLAR LLC,8/31/23,2055 CAMPBELL,919533000,1,WICKERSHAM PARK BLK   2 LT 56  G:1833,24939
R23-2486,BldgAlter,ARCTIC SOLAR VENTURES CORPORATION,8/31/23,415 ATLANTIS,923246000,1,INTERNATIONAL TOWNHOUSE BLK   3 LT  2  G:1930,12000
R23-2492,BldgAlter,ALASKA SOLAR LLC,8/31/23,4801 ZENITH,1501418000,1,ZODIAK MANOR ALASKA BLK 13 LT 15  G:2336,16181
C23-1923,BldgAlter,ALASKA SOLAR LLC,9/30/23,732 O,105122000,NA,ORIGINAL BLK 88 LT 5A G:1329,20546
C23-1924,BldgAlter,ALASKA SOLAR LLC,9/30/23,NA,NA,NA,NA,18295
C23-1948,BldgAlter,RENEWABLE ENERGY SYSTEMS,9/30/23,W 111 SHIP CREEK,208651001,NA,ARR 9655 SHIP CREEKCROSSING LT 1 & PTN OF TR A G:1231,454772
R23-2610,BldgAlter,ALASKA SOLAR LLC,9/30/23,13001 NORAK,1736134000,1,MCMAHON #2 BLK 5 LT 4 G:2835,18192
R23-2611,BldgAlter,ALASKA SOLAR LLC,9/30/23,2346 LOUSSAC,118315000,1,TURNAGAIN HEIGHTS BLK D LT 9 G:1527,22997
R23-2612,BldgAlter,ALASKA SOLAR LLC,9/30/23,300 OCEANVIEW,1806347000,1,OCEANVIEW #4 BLK 6 LT 23 G:2831,31258
R23-2613,BldgAlter,ALASKA SOLAR LLC,9/30/23,2410 OAK,415304000,1,ANCHOR PARK BLK 7 LT 4 P-254 G:1534,7518
R23-2624,BldgAlter,RENEWABLE ENERGY SYSTEMS,9/30/23,8600 ROSALIND,1425320000,1,DORA #3 BLK 3 LT 20 G:2334,19880
R23-2625,BldgAlter,RENEWABLE ENERGY SYSTEMS,9/30/23,2404 SAINT ELIAS,123622000,1,TURNAGAIN HOMES BLK H LT 9 G:1527,14935
R23-2658,BldgAlter,RENEWABLE ENERGY SYSTEMS,9/30/23,E 8101 4TH,605417000,1,NEVILLA PARK LT 61 G:1241,19622
R23-2659,BldgAlter,RENEWABLE ENERGY SYSTEMS,9/30/23,7731 ISLAND,621107000,1,CHESTER VALLEY BLK 1 LT 7 G:1440,18999
R23-2669,BldgAlter,ARCTIC SOLAR VENTURES CORPORATION,9/30/23,3140 ADMIRALTY BAY,1247503000,1,BAYSHORE WEST #4A BLK 4 LT 3 G:2526,13960
R23-2767,BldgAlter,ALASKA SOLAR LLC,9/30/23,12104 WOODCHASE,1528406000,1,DEVONSHIRE BLK 1 LT 6 G:2734,13270
R23-2768,BldgAlter,ALASKA SOLAR LLC,9/30/23,2626 COTTONWOOD,319318000,1,ROGERS PARK BLK 18 LT 4 G:1532,20080
R23-2769,BldgAlter,ALASKA SOLAR LLC,9/30/23,6640 LAWLOR,1102226000,1,SEELEY ESTATES BLK 1 LT 9 G:2025,22364
R23-2770,BldgAlter,ALASKA SOLAR LLC,9/30/23,2212 COUNTRY BROOK,1252612000,1,SILVERTREE BLK 2 LT 12 G:2228,22307
R23-2771,BldgAlter,ALASKA SOLAR LLC,9/30/23,2715 KOBUK,414349000,1,CITY VIEW #3 BLK 6 LT 23 G:1434,12768
R23-2772,BldgAlter,ALASKA SOLAR LLC,9/30/23,8060 RESURRECTION,723128000,1,CHUGACH FOOTHILLS BLK 3 LT 9 G:1741,31309
R23-2825,BldgAlter,ALASKA SOLAR LLC,10/31/23,10301 STROGANOF,1513220000,1,KASILOF HILLS BLK   7 LT 15  G:2541,27386
R23-2826,BldgAlter,ALASKA SOLAR LLC,10/31/23,6463 LONE TREE,1534117000,1,VALLI VUE ESTATES #2 BLK   3 LT 16  G:2538,17807
R23-2832,BldgAlter,ARCTIC SOLAR VENTURES CORPORATION,10/31/23,1310 SHORE,1920105000,1,SKYWAY PARK ESTATES #1 BLK   8 LT  6  G:2829,36700
R23-2848,BldgAlter,ALASKA SOLAR LLC,10/31/23,2241 FOXHALL,627220000,1,FOXHALL #1 BLK   1 LT 49  G:1539,23234
R23-2894,BldgAlter,ARCTIC SOLAR VENTURES CORPORATION,10/31/23,9600 SPRING HILL,1505161000,1,SPRING HILLS ESTATES BLK   2 LT 10  G:2436,26000
